<?xml version="1.0"?>
<import>
  <BAModLookup public-id="zpbhuvtgdh8dm5ssgjdp1f51cr8">
    <Availability>Available</Availability>
    <ModifierPatternCode>LiabScheduleCredits</ModifierPatternCode>
    <PolicyLinePatternCode>BusinessAutoLine</PolicyLinePatternCode>
    <StartEffectiveDate>2000-01-01 00:00:00.000</StartEffectiveDate>
  </BAModLookup>
  <BAModLookup public-id="zf8iqikg92ur3ekgdtn2qfad9f8">
    <Availability>Available</Availability>
    <ModifierPatternCode>PropScheduleCredits</ModifierPatternCode>
    <PolicyLinePatternCode>BusinessAutoLine</PolicyLinePatternCode>
    <StartEffectiveDate>2000-01-01 00:00:00.000</StartEffectiveDate>
  </BAModLookup>
  <BAModLookup public-id="zo8j48jf4nthb8nsh7o0p7ubfba">
    <Availability>Available</Availability>
    <ModifierPatternCode>BALocationDispersionCredit</ModifierPatternCode>
    <PolicyLinePatternCode>BusinessAutoLine</PolicyLinePatternCode>
    <StartEffectiveDate>2000-01-01 00:00:00.000</StartEffectiveDate>
  </BAModLookup>
  <BARateLookup public-id="zi8hmbl2rmsu5esb0gdgnucmo0b">
    <Availability>Available</Availability>
    <PolicyLinePatternCode>BusinessAutoLine</PolicyLinePatternCode>
    <RateFactorPatternCode>wKgDT6NusbUAAAAA</RateFactorPatternCode>
    <StartEffectiveDate>2000-01-01 00:00:00.000</StartEffectiveDate>
  </BARateLookup>
  <BARateLookup public-id="z7vg8r72j2qgh08mr6k54u2obta">
    <Availability>Available</Availability>
    <PolicyLinePatternCode>BusinessAutoLine</PolicyLinePatternCode>
    <RateFactorPatternCode>wKgDT6ikGLYAAAAA</RateFactorPatternCode>
    <StartEffectiveDate>2000-01-01 00:00:00.000</StartEffectiveDate>
  </BARateLookup>
  <BARateLookup public-id="z5lgaa2p30iir78c24i4fu5tlpb">
    <Availability>Available</Availability>
    <PolicyLinePatternCode>BusinessAutoLine</PolicyLinePatternCode>
    <RateFactorPatternCode>wKgDTyymxRMAAAAA</RateFactorPatternCode>
    <StartEffectiveDate>2000-01-01 00:00:00.000</StartEffectiveDate>
  </BARateLookup>
  <BARateLookup public-id="zf0i0h2v06qka8b6o4omivt0n48">
    <Availability>Available</Availability>
    <PolicyLinePatternCode>BusinessAutoLine</PolicyLinePatternCode>
    <RateFactorPatternCode>wKgDTzkQIl0AAAAA</RateFactorPatternCode>
    <StartEffectiveDate>2000-01-01 00:00:00.000</StartEffectiveDate>
  </BARateLookup>
  <BARateLookup public-id="zbeggpovrjnfqdgnriu0ohr5769">
    <Availability>Available</Availability>
    <PolicyLinePatternCode>BusinessAutoLine</PolicyLinePatternCode>
    <RateFactorPatternCode>wKgDT_wSrtsAAAAA</RateFactorPatternCode>
    <StartEffectiveDate>2000-01-01 00:00:00.000</StartEffectiveDate>
  </BARateLookup>
  <BARateLookup public-id="zrfjca64qtbmvf8svact4arj39b">
    <Availability>Available</Availability>
    <PolicyLinePatternCode>BusinessAutoLine</PolicyLinePatternCode>
    <RateFactorPatternCode>wKgDT1e8RzcAAAAA</RateFactorPatternCode>
    <StartEffectiveDate>2000-01-01 00:00:00.000</StartEffectiveDate>
  </BARateLookup>
  <BARateLookup public-id="z75gectcktedo8dm93jgp8367ib">
    <Availability>Available</Availability>
    <PolicyLinePatternCode>BusinessAutoLine</PolicyLinePatternCode>
    <RateFactorPatternCode>wKgDT4s87joAAAAA</RateFactorPatternCode>
    <StartEffectiveDate>2000-01-01 00:00:00.000</StartEffectiveDate>
  </BARateLookup>
  <BARateLookup public-id="zgbhk854aer6laoj31unbqg0fhb">
    <Availability>Available</Availability>
    <PolicyLinePatternCode>BusinessAutoLine</PolicyLinePatternCode>
    <RateFactorPatternCode>wKgDT6khlWoAAAAA</RateFactorPatternCode>
    <StartEffectiveDate>2000-01-01 00:00:00.000</StartEffectiveDate>
  </BARateLookup>
  <BARateLookup public-id="zkagmt8qf92fr63fgku8dr0ua9a">
    <Availability>Available</Availability>
    <PolicyLinePatternCode>BusinessAutoLine</PolicyLinePatternCode>
    <RateFactorPatternCode>wKgDTy5p7QYAAAAA</RateFactorPatternCode>
    <StartEffectiveDate>2000-01-01 00:00:00.000</StartEffectiveDate>
  </BARateLookup>
  <BAModLookup public-id="zjniukv4c1u531a55i5mf4kkria">
    <Availability>Available</Availability>
    <EndEffectiveDate/>
    <ModifierPatternCode>BAJurisExpense</ModifierPatternCode>
    <PolicyLinePatternCode>BusinessAutoLine</PolicyLinePatternCode>
    <StartEffectiveDate>2000-01-01 00:00:00.000</StartEffectiveDate>
    <State/>
  </BAModLookup>
  <BAModLookup public-id="zr4i6nlkbb0kh2t2lb9g3v0ndr8">
    <Availability>Available</Availability>
    <EndEffectiveDate/>
    <ModifierPatternCode>BAJurisExperience</ModifierPatternCode>
    <PolicyLinePatternCode>BusinessAutoLine</PolicyLinePatternCode>
    <StartEffectiveDate>2000-01-01 00:00:00.000</StartEffectiveDate>
    <State/>
  </BAModLookup>
  <BusinessVehicleModifierLookup public-id="z58jqoe93rflv43pgbqgosbh8l9">
    <Availability>Available</Availability>
    <EndEffectiveDate/>
    <ModifierPatternCode>BAVehAntiLockBrakes</ModifierPatternCode>
    <PolicyLinePatternCode>BusinessAutoLine</PolicyLinePatternCode>
    <StartEffectiveDate>2000-01-01 00:00:00.000</StartEffectiveDate>
    <State/>
  </BusinessVehicleModifierLookup>
  <BusinessVehicleModifierLookup public-id="z9ug8gntrd8vjdj5psoldmh6l2a">
    <Availability>Available</Availability>
    <EndEffectiveDate/>
    <ModifierPatternCode>BAVehSafeDriver</ModifierPatternCode>
    <PolicyLinePatternCode>BusinessAutoLine</PolicyLinePatternCode>
    <StartEffectiveDate>2000-01-01 00:00:00.000</StartEffectiveDate>
    <State/>
  </BusinessVehicleModifierLookup>
  <BusinessVehicleModifierLookup public-id="z7qgc6n5cp0vh252lc7b0oqsji9">
    <Availability>Available</Availability>
    <EndEffectiveDate/>
    <ModifierPatternCode>BAVehAntiTheft</ModifierPatternCode>
    <PolicyLinePatternCode>BusinessAutoLine</PolicyLinePatternCode>
    <StartEffectiveDate>2000-01-01 00:00:00.000</StartEffectiveDate>
    <State/>
  </BusinessVehicleModifierLookup>
  <BusinessVehicleModifierLookup public-id="zh8iqc5mu87rr1tiko8sgqi83vb">
    <Availability>Available</Availability>
    <EndEffectiveDate/>
    <ModifierPatternCode>BAVehDoesUMUIMApply</ModifierPatternCode>
    <PolicyLinePatternCode>BusinessAutoLine</PolicyLinePatternCode>
    <StartEffectiveDate>2000-01-01 00:00:00.000</StartEffectiveDate>
    <State/>
  </BusinessVehicleModifierLookup>
</import>