<?xml version="1.0"?>
<PolicyLinePattern
  codeIdentifier="BusinessAutoLine"
  policyLineSubtype="BusinessAutoLine"
  priority="22"
  public-id="BusinessAutoLine"
  territoryCodeNeeded="true">
  <CoverageCategories>
    <CoverageCategory
      codeIdentifier="BAPDOCGrp"
      priority="320"
      public-id="BAPDOCGrp"/>
    <CoverageCategory
      codeIdentifier="BAPEquipGrp"
      priority="510"
      public-id="BAPEquipGrp"/>
    <CoverageCategory
      codeIdentifier="BAPFellowEmpGrp"
      priority="330"
      public-id="BAPFellowEmpGrp"/>
    <CoverageCategory
      codeIdentifier="BAPHiredGrp"
      priority="410"
      public-id="BAPHiredGrp"/>
    <CoverageCategory
      codeIdentifier="BAPLoanLeaseGapGrp"
      priority="540"
      public-id="BAPLoanLeaseGapGrp"/>
    <CoverageCategory
      codeIdentifier="BAPLossOfUseGrp"
      priority="340"
      public-id="BAPLossOfUseGrp"/>
    <CoverageCategory
      codeIdentifier="BAPNonownedGrp"
      priority="420"
      public-id="BAPNonownedGrp"/>
    <CoverageCategory
      codeIdentifier="BAPNonownedSSGrp"
      priority="550"
      public-id="BAPNonownedSSGrp"/>
    <CoverageCategory
      codeIdentifier="BAPOwnedLiabGrp"
      priority="210"
      public-id="BAPOwnedLiabGrp"/>
    <CoverageCategory
      codeIdentifier="BAPOwnedPhysDamGrp"
      priority="430"
      public-id="BAPOwnedPhysDamGrp"/>
    <CoverageCategory
      codeIdentifier="BAPPollutionGrp"
      priority="310"
      public-id="BAPPollutionGrp"/>
    <CoverageCategory
      codeIdentifier="BAPRentalGrp"
      priority="530"
      public-id="BAPRentalGrp"/>
    <CoverageCategory
      codeIdentifier="BAPTapeDiscRecordGrp"
      priority="520"
      public-id="BAPTapeDiscRecordGrp"/>
    <CoverageCategory
      codeIdentifier="BAPTerrorismGrp"
      priority="230"
      public-id="BAPTerrorismGrp"/>
    <CoverageCategory
      codeIdentifier="BAPVehicleStateGrp"
      priority="220"
      public-id="BAPVehicleStateGrp"/>
    <CoverageCategory
      codeIdentifier="BAPIPCoverageCat"
      priority="440"
      public-id="BAPIPCoverageCat"/>
  </CoverageCategories>
  <CoverageSymbolGroupPatterns>
    <CoverageSymbolGroupPattern
      codeIdentifier="Collision"
      priority="18"
      public-id="Collision">
      <CoverageSymbolPatterns>
        <CoverageSymbolPattern
          codeIdentifier="wKgUYhgMCHEAAAAA"
          coverageSymbolType="OVO"
          public-id="wKgUYhgMCHEAAAAA"/>
        <CoverageSymbolPattern
          codeIdentifier="wKgUYm4JzAIAAAAA"
          coverageSymbolType="OPV"
          public-id="wKgUYm4JzAIAAAAA"/>
        <CoverageSymbolPattern
          codeIdentifier="wKgUYqXCblcAAAAA"
          coverageSymbolType="OCV"
          public-id="wKgUYqXCblcAAAAA"/>
        <CoverageSymbolPattern
          codeIdentifier="wKgUYsEHeZsAAAAA"
          coverageSymbolType="DVO"
          public-id="wKgUYsEHeZsAAAAA"/>
        <CoverageSymbolPattern
          codeIdentifier="wKgUYurGtCkAAAAA"
          coverageSymbolType="HVO"
          public-id="wKgUYurGtCkAAAAA"/>
        <CoverageSymbolPattern
          codeIdentifier="wKgUYsgD_vgAAAAA"
          coverageSymbolType="CUS"
          public-id="wKgUYsgD_vgAAAAA"/>
      </CoverageSymbolPatterns>
    </CoverageSymbolGroupPattern>
    <CoverageSymbolGroupPattern
      codeIdentifier="Comprehensive"
      priority="16"
      public-id="Comprehensive">
      <CoverageSymbolPatterns>
        <CoverageSymbolPattern
          codeIdentifier="wKgUYh2NRgUAAAAA"
          coverageSymbolType="OVO"
          public-id="wKgUYh2NRgUAAAAA"/>
        <CoverageSymbolPattern
          codeIdentifier="wKgUYvtz1JMAAAAA"
          coverageSymbolType="OPV"
          public-id="wKgUYvtz1JMAAAAA"/>
        <CoverageSymbolPattern
          codeIdentifier="wKgUYobHLOYAAAAA"
          coverageSymbolType="OCV"
          public-id="wKgUYobHLOYAAAAA"/>
        <CoverageSymbolPattern
          codeIdentifier="wKgUYsU38WkAAAAA"
          coverageSymbolType="DVO"
          public-id="wKgUYsU38WkAAAAA"/>
        <CoverageSymbolPattern
          codeIdentifier="wKgUYroLwbcAAAAA"
          coverageSymbolType="HVO"
          public-id="wKgUYroLwbcAAAAA"/>
        <CoverageSymbolPattern
          codeIdentifier="wKgUYq7CVF4AAAAA"
          coverageSymbolType="CUS"
          public-id="wKgUYq7CVF4AAAAA"/>
      </CoverageSymbolPatterns>
    </CoverageSymbolGroupPattern>
    <CoverageSymbolGroupPattern
      codeIdentifier="Liability"
      priority="1"
      public-id="Liability">
      <CoverageSymbolPatterns>
        <CoverageSymbolPattern
          codeIdentifier="wKgUYstpzAYAAAAA"
          coverageSymbolType="ANY"
          public-id="wKgUYstpzAYAAAAA"/>
        <CoverageSymbolPattern
          codeIdentifier="wKgUYqLdkCUAAAAA"
          coverageSymbolType="OVO"
          public-id="wKgUYqLdkCUAAAAA"/>
        <CoverageSymbolPattern
          codeIdentifier="wKgUYohV3YEAAAAA"
          coverageSymbolType="OPV"
          public-id="wKgUYohV3YEAAAAA"/>
        <CoverageSymbolPattern
          codeIdentifier="wKgUYo20RegAAAAA"
          coverageSymbolType="OCV"
          public-id="wKgUYo20RegAAAAA"/>
        <CoverageSymbolPattern
          codeIdentifier="wKgUYpUFPhkAAAAA"
          coverageSymbolType="DVO"
          public-id="wKgUYpUFPhkAAAAA"/>
        <CoverageSymbolPattern
          codeIdentifier="wKgUYtcdJUkAAAAA"
          coverageSymbolType="HVO"
          public-id="wKgUYtcdJUkAAAAA"/>
        <CoverageSymbolPattern
          codeIdentifier="wKgUYnId_AIAAAAA"
          coverageSymbolType="NOV"
          public-id="wKgUYnId_AIAAAAA"/>
        <CoverageSymbolPattern
          codeIdentifier="wKgUYvSC8uEAAAAA"
          coverageSymbolType="CUS"
          public-id="wKgUYvSC8uEAAAAA"/>
      </CoverageSymbolPatterns>
    </CoverageSymbolGroupPattern>
    <CoverageSymbolGroupPattern
      codeIdentifier="PIP"
      priority="2"
      public-id="PIP">
      <CoverageSymbolPatterns>
        <CoverageSymbolPattern
          codeIdentifier="wKgUYg_e1xQAAAAA"
          coverageSymbolType="SRC"
          public-id="wKgUYg_e1xQAAAAA"/>
        <CoverageSymbolPattern
          codeIdentifier="wKgUYgKHXR0AAAAA"
          coverageSymbolType="DVO"
          public-id="wKgUYgKHXR0AAAAA"/>
        <CoverageSymbolPattern
          codeIdentifier="wKgUYki7IgkAAAAA"
          coverageSymbolType="CUS"
          public-id="wKgUYki7IgkAAAAA"/>
      </CoverageSymbolPatterns>
    </CoverageSymbolGroupPattern>
    <CoverageSymbolGroupPattern
      codeIdentifier="SpecCause"
      priority="17"
      public-id="SpecCause">
      <CoverageSymbolPatterns>
        <CoverageSymbolPattern
          codeIdentifier="wKgUYjomAlYAAAAA"
          coverageSymbolType="OVO"
          public-id="wKgUYjomAlYAAAAA"/>
        <CoverageSymbolPattern
          codeIdentifier="wKgUYqan4hoAAAAA"
          coverageSymbolType="OPV"
          public-id="wKgUYqan4hoAAAAA"/>
        <CoverageSymbolPattern
          codeIdentifier="wKgUYojTY7EAAAAA"
          coverageSymbolType="OCV"
          public-id="wKgUYojTY7EAAAAA"/>
        <CoverageSymbolPattern
          codeIdentifier="wKgUYnQmlggAAAAA"
          coverageSymbolType="DVO"
          public-id="wKgUYnQmlggAAAAA"/>
        <CoverageSymbolPattern
          codeIdentifier="wKgUYuXmzTYAAAAA"
          coverageSymbolType="HVO"
          public-id="wKgUYuXmzTYAAAAA"/>
        <CoverageSymbolPattern
          codeIdentifier="wKgUYr6tguUAAAAA"
          coverageSymbolType="CUS"
          public-id="wKgUYr6tguUAAAAA"/>
      </CoverageSymbolPatterns>
    </CoverageSymbolGroupPattern>
    <CoverageSymbolGroupPattern
      codeIdentifier="Towing"
      priority="15"
      public-id="Towing">
      <CoverageSymbolPatterns>
        <CoverageSymbolPattern
          codeIdentifier="wKgUYilDXCMAAAAA"
          coverageSymbolType="OPV"
          public-id="wKgUYilDXCMAAAAA"/>
        <CoverageSymbolPattern
          codeIdentifier="wKgUYkGT9OsAAAAA"
          coverageSymbolType="SRC"
          public-id="wKgUYkGT9OsAAAAA"/>
        <CoverageSymbolPattern
          codeIdentifier="wKgUYgecno8AAAAA"
          coverageSymbolType="CUS"
          public-id="wKgUYgecno8AAAAA"/>
      </CoverageSymbolPatterns>
    </CoverageSymbolGroupPattern>
    <CoverageSymbolGroupPattern
      codeIdentifier="UMUIM"
      priority="5"
      public-id="UMUIM">
      <CoverageSymbolPatterns>
        <CoverageSymbolPattern
          codeIdentifier="wKgUYlkezLsAAAAA"
          coverageSymbolType="OVO"
          public-id="wKgUYlkezLsAAAAA"/>
        <CoverageSymbolPattern
          codeIdentifier="wKgUYs_AbOIAAAAA"
          coverageSymbolType="OPV"
          public-id="wKgUYs_AbOIAAAAA"/>
        <CoverageSymbolPattern
          codeIdentifier="wKgUYhm_arIAAAAA"
          coverageSymbolType="OCV"
          public-id="wKgUYhm_arIAAAAA"/>
        <CoverageSymbolPattern
          codeIdentifier="wKgUYqhL18cAAAAA"
          coverageSymbolType="DVO"
          public-id="wKgUYqhL18cAAAAA"/>
        <CoverageSymbolPattern
          codeIdentifier="wKgUYpshbg4AAAAA"
          coverageSymbolType="CUS"
          public-id="wKgUYpshbg4AAAAA"/>
      </CoverageSymbolPatterns>
    </CoverageSymbolGroupPattern>
    <CoverageSymbolGroupPattern
      codeIdentifier="wKgUYlLWuYgAAAAA"
      priority="18"
      public-id="wKgUYlLWuYgAAAAA">
      <CoverageSymbolPatterns>
        <CoverageSymbolPattern
          codeIdentifier="wKgUYixC2UwAAAAA"
          coverageSymbolType="OVO"
          public-id="wKgUYixC2UwAAAAA"/>
        <CoverageSymbolPattern
          codeIdentifier="wKgUYmRTRgwAAAAA"
          coverageSymbolType="OCV"
          public-id="wKgUYmRTRgwAAAAA"/>
        <CoverageSymbolPattern
          codeIdentifier="wKgUYka4yTsAAAAA"
          coverageSymbolType="OPV"
          public-id="wKgUYka4yTsAAAAA"/>
        <CoverageSymbolPattern
          codeIdentifier="wKgEMjyzta4AAAAA"
          coverageSymbolType="CUS"
          public-id="wKgEMjyzta4AAAAA"/>
      </CoverageSymbolPatterns>
    </CoverageSymbolGroupPattern>
  </CoverageSymbolGroupPatterns>
  <InitializeScript/>
  <ModifierPatterns>
    <ModifierPattern
      codeIdentifier="LiabScheduleCredits"
      defaultMaximum="0.2500"
      defaultMinimum="-0.2500"
      displayEligibility="false"
      displayJustification="false"
      displayRange="true"
      displayValueFinal="false"
      lookupTableName="BAModifier"
      modifierDataType="rate"
      modifierSubtype="BAModifier"
      priority="1010"
      public-id="LiabScheduleCredits"
      referenceDateByType="DefinedObject"
      scheduleRate="true"
      splitOnAnniversary="false">
      <RateFactorPatterns>
        <RateFactorPattern
          codeIdentifier="wKgDT6NusbUAAAAA"
          defaultMaximum="0.0500"
          defaultMinimum="-0.0500"
          lookupTableName="BARateFactor"
          priority="1"
          public-id="wKgDT6NusbUAAAAA"
          rateFactorType="Employees"
          refCode="BAEmpRate"/>
        <RateFactorPattern
          codeIdentifier="wKgDT6ikGLYAAAAA"
          defaultMaximum="0.1000"
          defaultMinimum="-0.0500"
          lookupTableName="BARateFactor"
          priority="3"
          public-id="wKgDT6ikGLYAAAAA"
          rateFactorType="SafetyEquipment"
          refCode="BASafetyRate"/>
        <RateFactorPattern
          codeIdentifier="wKgDTyymxRMAAAAA"
          defaultMaximum="0.0500"
          defaultMinimum="-0.0500"
          lookupTableName="BARateFactor"
          priority="2"
          public-id="wKgDTyymxRMAAAAA"
          rateFactorType="Management"
          refCode="BAManageRate"/>
        <RateFactorPattern
          codeIdentifier="wKgDTzkQIl0AAAAA"
          defaultMaximum="0.1000"
          defaultMinimum="-0.1000"
          lookupTableName="BARateFactor"
          priority="4"
          public-id="wKgDTzkQIl0AAAAA"
          rateFactorType="SafetyOrganization"
          refCode="BASafeOrgRate"/>
      </RateFactorPatterns>
    </ModifierPattern>
    <ModifierPattern
      codeIdentifier="PropScheduleCredits"
      defaultMaximum="0.2500"
      defaultMinimum="-0.2500"
      displayEligibility="false"
      displayJustification="false"
      displayRange="true"
      displayValueFinal="false"
      lookupTableName="BAModifier"
      modifierDataType="rate"
      modifierSubtype="BAModifier"
      priority="1020"
      public-id="PropScheduleCredits"
      referenceDateByType="DefinedObject"
      scheduleRate="true"
      splitOnAnniversary="false">
      <RateFactorPatterns>
        <RateFactorPattern
          codeIdentifier="wKgDT_wSrtsAAAAA"
          defaultMaximum="0.1000"
          defaultMinimum="-0.1000"
          lookupTableName="BARateFactor"
          priority="5"
          public-id="wKgDT_wSrtsAAAAA"
          rateFactorType="SafetyOrganization"
          refCode="BAPhySafeOrgRate"/>
        <RateFactorPattern
          codeIdentifier="wKgDT1e8RzcAAAAA"
          defaultMaximum="0.0500"
          defaultMinimum="-0.0500"
          lookupTableName="BARateFactor"
          priority="3"
          public-id="wKgDT1e8RzcAAAAA"
          rateFactorType="Management"
          refCode="BAPhyManageRate"/>
        <RateFactorPattern
          codeIdentifier="wKgDT4s87joAAAAA"
          defaultMaximum="0.0500"
          defaultMinimum="-0.0500"
          lookupTableName="BARateFactor"
          priority="2"
          public-id="wKgDT4s87joAAAAA"
          rateFactorType="Employees"
          refCode="BAPhyEmpRate"/>
        <RateFactorPattern
          codeIdentifier="wKgDT6khlWoAAAAA"
          defaultMaximum="0.1000"
          defaultMinimum="-0.1000"
          lookupTableName="BARateFactor"
          priority="1"
          public-id="wKgDT6khlWoAAAAA"
          rateFactorType="ValuesInsured"
          refCode="BAPhyInsuredRate"/>
        <RateFactorPattern
          codeIdentifier="wKgDTy5p7QYAAAAA"
          defaultMaximum="0.1000"
          defaultMinimum="-0.0500"
          lookupTableName="BARateFactor"
          priority="4"
          public-id="wKgDTy5p7QYAAAAA"
          rateFactorType="SafetyEquipment"
          refCode="BAPhySafetyRate"/>
      </RateFactorPatterns>
    </ModifierPattern>
    <ModifierPattern
      codeIdentifier="BALocationDispersionCredit"
      lookupTableName="BAModifier"
      modifierDataType="boolean"
      modifierSubtype="BAModifier"
      priority="-1"
      public-id="BALocationDispersionCredit"
      referenceDateByType="PolicyTerm">
      <AvailabilityScript><![CDATA[// multiple locations in different zipcodes implies dispersed location and therefore reduced risk
return BusinessAutoLine.Branch.PolicyLocations.map(\ p -> p.PostalCode).toSet().Count > 1]]></AvailabilityScript>
    </ModifierPattern>
    <ModifierPattern
      codeIdentifier="BAJurisExpense"
      defaultMaximum="5"
      defaultMinimum="0.5"
      displayEligibility="false"
      displayJustification="false"
      displayRange="true"
      displayValueFinal="false"
      lookupTableName="BAJurisModifier"
      modifierDataType="rate"
      modifierSubtype="BAJurisModifier"
      priority="110"
      public-id="BAJurisExpense"
      referenceDateByType="PolicyTerm"
      scheduleRate="false"
      splitOnAnniversary="false">
      <AvailabilityScript><![CDATA[return BAJurisdiction.BusinessAutoLine.GaragingJurisdictions.contains(BAJurisdiction)]]></AvailabilityScript>
    </ModifierPattern>
    <ModifierPattern
      codeIdentifier="BAJurisExperience"
      defaultMaximum="5"
      defaultMinimum="0.5"
      displayEligibility="false"
      displayJustification="false"
      displayRange="true"
      displayValueFinal="false"
      lookupTableName="BAJurisModifier"
      modifierDataType="rate"
      modifierSubtype="BAJurisModifier"
      priority="105"
      public-id="BAJurisExperience"
      referenceDateByType="PolicyTerm"
      scheduleRate="false"
      splitOnAnniversary="false">
      <AvailabilityScript><![CDATA[return BAJurisdiction.BusinessAutoLine.GaragingJurisdictions.contains(BAJurisdiction)]]></AvailabilityScript>
    </ModifierPattern>
    <ModifierPattern
      codeIdentifier="BAVehCoveredByWCMod"
      lookupTableName="BAVehicleModifier"
      modifierDataType="boolean"
      modifierSubtype="BusinessVehicleModifier"
      priority="10"
      public-id="BAVehCoveredByWCMod"
      referenceDateByType="ApplicableObject"/>
    <ModifierPattern
      codeIdentifier="BAVehOperatedByEmployee"
      lookupTableName="BAVehicleModifier"
      modifierDataType="boolean"
      modifierSubtype="BusinessVehicleModifier"
      priority="5"
      public-id="BAVehOperatedByEmployee"
      referenceDateByType="ApplicableObject"/>
    <ModifierPattern
      codeIdentifier="BAVehFurnishedRegUse"
      lookupTableName="BAVehicleModifier"
      modifierDataType="boolean"
      modifierSubtype="BusinessVehicleModifier"
      priority="15"
      public-id="BAVehFurnishedRegUse"
      referenceDateByType="ApplicableObject"/>
    <ModifierPattern
      codeIdentifier="BAVehOwnerOperated"
      lookupTableName="BAVehicleModifier"
      modifierDataType="boolean"
      modifierSubtype="BusinessVehicleModifier"
      priority="20"
      public-id="BAVehOwnerOperated"
      referenceDateByType="ApplicableObject"/>
    <ModifierPattern
      codeIdentifier="BAVehGovSponsored"
      lookupTableName="BAVehicleModifier"
      modifierDataType="boolean"
      modifierSubtype="BusinessVehicleModifier"
      priority="25"
      public-id="BAVehGovSponsored"
      referenceDateByType="ApplicableObject">
      <AvailabilityScript><![CDATA[return BusinessVehicle.BodyType == typekey.BodyType.TC_BUS]]></AvailabilityScript>
    </ModifierPattern>
    <ModifierPattern
      codeIdentifier="BAVehEmplyrVanPool"
      lookupTableName="BAVehicleModifier"
      modifierDataType="boolean"
      modifierSubtype="BusinessVehicleModifier"
      priority="30"
      public-id="BAVehEmplyrVanPool"
      referenceDateByType="ApplicableObject">
      <AvailabilityScript><![CDATA[return (BusinessVehicle.BodyType == typekey.BodyType.TC_VAN or BusinessVehicle.BodyType == typekey.BodyType.TC_WAGON
      or BusinessVehicle.VehicleType == typekey.VehicleType.TC_PP)]]></AvailabilityScript>
    </ModifierPattern>
    <ModifierPattern
      codeIdentifier="BAVehAntiLockBrakes"
      lookupTableName="BAVehicleModifier"
      modifierDataType="boolean"
      modifierSubtype="BusinessVehicleModifier"
      priority="35"
      public-id="BAVehAntiLockBrakes"
      referenceDateByType="ApplicableObject"/>
    <ModifierPattern
      codeIdentifier="BAVehSafeDriver"
      lookupTableName="BAVehicleModifier"
      modifierDataType="boolean"
      modifierSubtype="BusinessVehicleModifier"
      priority="40"
      public-id="BAVehSafeDriver"
      referenceDateByType="ApplicableObject"/>
    <ModifierPattern
      codeIdentifier="BAVehAntiTheft"
      lookupTableName="BAVehicleModifier"
      modifierDataType="typekey"
      modifierSubtype="BusinessVehicleModifier"
      priority="45"
      public-id="BAVehAntiTheft"
      referenceDateByType="ApplicableObject"
      typeList="AntiTheftType"/>
    <ModifierPattern
      codeIdentifier="BAVehIntraInterStateUse"
      lookupTableName="BAVehicleModifier"
      modifierDataType="typekey"
      modifierSubtype="BusinessVehicleModifier"
      priority="50"
      public-id="BAVehIntraInterStateUse"
      referenceDateByType="ApplicableObject"
      typeList="IntraInterStateUsage"/>
    <ModifierPattern
      codeIdentifier="BAVehDoesUMUIMApply"
      lookupTableName="BAVehicleModifier"
      modifierDataType="boolean"
      modifierSubtype="BusinessVehicleModifier"
      priority="2"
      public-id="BAVehDoesUMUIMApply"
      referenceDateByType="ApplicableObject"/>
  </ModifierPatterns>
  <OfficialIdPatterns/>
  <AvailableCoverageCurrencies>
    <AvailableCoverageCurrency
      codeIdentifier="BusinessAutoLineusd"
      currency="usd"
      public-id="BusinessAutoLineusd"/>
  </AvailableCoverageCurrencies>
</PolicyLinePattern>