<?xml version="1.0"?>
<DiffTree
  xmlns:xsi="http://www.w3.org/2001/XMLSchema-instance"
  xsi:noNamespaceSchemaLocation="schema/difftree.xsd">
  <Section
    label="gw.api.locale.DisplayKey.get('Web.Differences.LOB.Common.PolicyInfo')"
    sortorder="1">
    <RootProperties
      includefromtype="PolicyPeriod"
      sortorder="1"/>
    <RootEntity
      label="gw.api.locale.DisplayKey.get('Web.Differences.LOB.Common.PolicyPriNamedInsured', ENTITY.DisplayName)"
      sortorder="2"
      type="PolicyPriNamedInsured"/>
    <RootEntity
      label="gw.api.locale.DisplayKey.get('Web.Differences.LOB.Common.PolicyAddlNamedInsured', ENTITY.DisplayName)"
      sortorder="3"
      type="PolicyAddlNamedInsured"/>
    <RootEntity
      label="gw.api.locale.DisplayKey.get('Web.Differences.LOB.Common.PolicyAddlInsured', ENTITY.DisplayName)"
      sortorder="4"
      type="PolicyAddlInsured"/>
    <RootEntity
      label="gw.api.locale.DisplayKey.get('Web.Differences.LOB.Common.PolicyAddlInsuredDetail', ENTITY.DisplayName, ENTITY.AdditionalInsuredType)"
      sortorder="5"
      type="PolicyAddlInsuredDetail"/>
    <RootEntity
      label="gw.api.locale.DisplayKey.get('Web.Differences.LOB.Common.PolicyAddress', ENTITY.AddressType)"
      sortorder="6"
      type="PolicyAddress"/>
    <RootEntity
      label="gw.api.locale.DisplayKey.get('Web.Differences.LOB.Common.PolicyAddlInterest', ENTITY.DisplayName)"
      showadds="false"
      showremoves="false"
      sortorder="7"
      type="PolicyAddlInterest"/>
    <RootProperties
      includefromtype="entity.BusinessAutoLine"
      sortorder="8"/>
    <RootProperties
      includefromtype="EffectiveDatedFields"
      sortorder="9"/>
  </Section>
  <Section
    label="gw.api.locale.DisplayKey.get('Web.Differences.LOB.Common.Locations')"
    sortorder="2">
    <RootEntity
      type="PolicyLocation"/>
  </Section>
  <Section
    label="gw.api.locale.DisplayKey.get('Web.Differences.LOB.BA.Vehicles')"
    sortorder="3">
    <RootEntity
      type="BusinessVehicle">
      <Properties
        includefromtype="BusinessVehicle"
        parentpath="ENTITY"
        sortorder="1">
        <ExcludedProperty
          propertyname="VehicleNumber"/>
      </Properties>
      <SubSection
        label="gw.api.locale.DisplayKey.get('Web.Differences.LOB.Common.Coverages')"
        sortorder="2">
        <Entity
          parentpath="ENTITY.Vehicle"
          type="BusinessVehicleCov"/>
      </SubSection>
      <SubSection
        label="gw.api.locale.DisplayKey.get('Web.Differences.LOB.Common.Modifiers')"
        sortorder="2">
        <Entity
          parentpath="ENTITY.Vehicle"
          type="BusinessVehicleModifier">
          <Properties
            includefromtype="BusinessVehicleModifier"
            parentpath="ENTITY">
            <PropertyDisplay
              propertyname="TypeKeyModifier"
              value="ENTITY.Pattern.TypeListAsTypeList.getTypeKey(VALUE).DisplayName"/>
          </Properties>
        </Entity>
      </SubSection>
      <Entity
        label="gw.api.locale.DisplayKey.get('Web.Differences.LOB.Common.PolicyAddlInterestDetail', ENTITY.DisplayName, ENTITY.AdditionalInterestType)"
        parentpath="ENTITY.BAVehicle"
        sortorder="3"
        type="BAVhcleAddlInterest">
        <Properties
          includefromtype="BAVhcleAddlInterest"
          parentpath="ENTITY">
          <PropertyDisplay
            propertyname="AdditionalInterestType"/>
        </Properties>
      </Entity>
    </RootEntity>
  </Section>
  <Section
    label="gw.api.locale.DisplayKey.get('Web.Differences.LOB.BA.Drivers')"
    sortorder="4">
    <RootEntity
      label="gw.api.locale.DisplayKey.get('Web.Differences.LOB.Common.PolicyDriver', ENTITY.DisplayName)"
      type="CommercialDriver"/>
  </Section>
  <Section
    label="gw.api.locale.DisplayKey.get('Web.Differences.LOB.BA.Jurisdictions')"
    sortorder="5">
    <RootEntity
      type="BAJurisdiction">
      <SubSection
        label="gw.api.locale.DisplayKey.get('Web.Differences.LOB.BA.Clauses')"
        sortorder="1">
        <Entity
          parentpath="ENTITY.BAJurisdiction"
          sortorder="1"
          type="BAStateCov"/>
        <Entity
          parentpath="ENTITY.BAJurisdiction"
          sortorder="2"
          type="BAStateExcl"/>
        <Entity
          parentpath="ENTITY.BAJurisdiction"
          sortorder="3"
          type="BAStateCond"/>
      </SubSection>
      <SubSection
        label="gw.api.locale.DisplayKey.get('Web.Differences.LOB.Common.Modifiers')"
        sortorder="2">
        <Entity
          parentpath="ENTITY.Jurisdiction"
          type="BAJurisModifier"/>
      </SubSection>
      <Entity
        parentpath="ENTITY.Jurisdiction"
        sortorder="3"
        type="BAHiredAutoBasis"/>
      <Entity
        parentpath="ENTITY.Jurisdiction"
        sortorder="4"
        type="BANonOwnedBasis"/>
    </RootEntity>
  </Section>
  <Section
    label="gw.api.locale.DisplayKey.get('Web.Differences.LOB.BA.Clauses')"
    sortorder="6">
    <RootEntity
      type="BusinessAutoCov"/>
    <RootEntity
      type="BusinessAutoCond"/>
    <RootEntity
      type="BusinessAutoExcl"/>
  </Section>
  <Section
    label="gw.api.locale.DisplayKey.get('Web.Differences.LOB.BA.CoveredVehicles')"
    sortorder="7">
    <RootEntity
      label="ENTITY.getCoverageSymbolDiffDisplay()"
      type="entity.CoverageSymbol"/>
  </Section>
  <Section
    label="gw.api.locale.DisplayKey.get('Web.Differences.LOB.Common.Modifiers')"
    sortorder="4">
    <RootEntity
      type="BAModifier">
      <Entity
        parentpath="ENTITY.BAModifier"
        type="BARateFactor"/>
    </RootEntity>
  </Section>
</DiffTree>
