<?xml version="1.0"?>
<DiffTree
  xmlns:xsi="http://www.w3.org/2001/XMLSchema-instance"
  xsi:noNamespaceSchemaLocation="schema/difftree.xsd">
  <Section
    label="gw.api.locale.DisplayKey.get('Web.Differences.LOB.Common.PolicyInfo')"
    sortorder="1">
    <RootProperties
      includefromtype="PolicyPeriod"
      sortorder="1"/>
    <RootEntity
      label="gw.api.locale.DisplayKey.get('Web.Differences.LOB.Common.PolicyPriNamedInsured', ENTITY.DisplayName)"
      sortorder="2"
      type="PolicyPriNamedInsured"/>
    <RootEntity
      label="gw.api.locale.DisplayKey.get('Web.Differences.LOB.Common.PolicyAddlNamedInsured', ENTITY.DisplayName)"
      sortorder="3"
      type="PolicyAddlNamedInsured"/>
    <RootEntity
      label="gw.api.locale.DisplayKey.get('Web.Differences.LOB.Common.PolicyAddlInsured', ENTITY.DisplayName)"
      sortorder="4"
      type="PolicyAddlInsured"/>
    <RootEntity
      label="gw.api.locale.DisplayKey.get('Web.Differences.LOB.Common.PolicyAddlInsuredDetail', ENTITY.DisplayName, ENTITY.AdditionalInsuredType)"
      sortorder="5"
      type="PolicyAddlInsuredDetail"/>
    <RootEntity
      label="gw.api.locale.DisplayKey.get('Web.Differences.LOB.Common.PolicyAddlInterest', ENTITY.DisplayName)"
      showadds="false"
      showremoves="false"
      sortorder="6"
      type="PolicyAddlInterest"/>
    <RootEntity
      label="gw.api.locale.DisplayKey.get('Web.Differences.LOB.Common.PolicyBillingContact', ENTITY.DisplayName)"
      sortorder="7"
      type="PolicyBillingContact"/>
    <RootEntity
      label="gw.api.locale.DisplayKey.get('Web.Differences.LOB.Common.PolicyAddress', ENTITY.AddressType)"
      sortorder="8"
      type="PolicyAddress"/>
    <RootProperties
      includefromtype="EffectiveDatedFields"
      sortorder="9">
      <PropertyDisplay
        propertyname="OfferingCode"
        value="ENTITY.getOfferingName(VALUE)"/>
    </RootProperties>
  </Section>
  <Section
    label="gw.api.locale.DisplayKey.get('Web.Differences.LOB.Common.LocationsAndBuildings')"
    sortorder="2">
    <RootEntity
      type="PolicyLocation">
      <Entity
        parentpath="ENTITY.PolicyLocation"
        showadds="false"
        showremoves="false"
        type="Building">
        <Properties
          includefromtype="BuildingImprovement"
          parentpath="ENTITY.Building"
          sortorder="1">
          <PropertyDisplay
            label="gw.api.locale.DisplayKey.get('Web.Differences.LOB.Common.BuildingImprovements', ENTITY.BuildingImprType.DisplayName)"
            propertyname="YearAdded"/>
        </Properties>
        <Properties
          includefromtype="BuildingSide"
          parentpath="ENTITY.Building"
          sortorder="2">
          <PropertyDisplay
            label="gw.api.locale.DisplayKey.get('Web.Differences.LOB.Common.BuildingSides', ENTITY.BuildingSideType.DisplayName)"
            propertyname="Description"/>
        </Properties>
      </Entity>
    </RootEntity>
  </Section>
  <Section
    label="gw.api.locale.DisplayKey.get('Web.Differences.LOB.Common.PolicyLines')"
    sortorder="3">
    <RootEntity
      sortorder="1"
      type="CommercialPropertyLine">
      <SubSection
        label="gw.api.locale.DisplayKey.get('Web.Differences.LOB.Common.LocationsAndBuildings')"
        sortorder="1">
        <Entity
          parentpath="ENTITY.CPLine"
          type="CPLocation">
          <Properties
            includefromtype="CPLocation"
            parentpath="ENTITY"
            sortorder="1"/>
          <Entity
            parentpath="ENTITY.CPLocation"
            sortorder="2"
            type="CPBuilding">
            <Properties
              includefromtype="CPBuilding"
              parentpath="ENTITY"
              sortorder="1"/>
            <SubSection
              label="gw.api.locale.DisplayKey.get('Web.Differences.LOB.Common.Coverages')"
              sortorder="2">
              <Entity
                parentpath="ENTITY.CPBuilding"
                type="CPBuildingCov"/>
            </SubSection>
            <Entity
              label="gw.api.locale.DisplayKey.get('Web.Differences.LOB.Common.PolicyAddlInterestDetail', ENTITY.DisplayName, ENTITY.AdditionalInterestType)"
              parentpath="ENTITY.CPBuilding"
              sortorder="3"
              type="CPBldgAddlInterest">
              <Properties
                includefromtype="CPBldgAddlInterest"
                parentpath="ENTITY">
                <PropertyDisplay
                  propertyname="AdditionalInterestType"/>
              </Properties>
            </Entity>
          </Entity>
        </Entity>
      </SubSection>
      <SubSection
        label="gw.api.locale.DisplayKey.get('Web.Differences.LOB.CP.Blanket')"
        sortorder="2">
        <Entity
          parentpath="ENTITY.CPLine"
          type="CPBlanket">
          <Properties
            includefromtype="CPBlanket"
            parentpath="ENTITY"
            sortorder="1"/>
          <Entity
            parentpath="ENTITY.CPBlanket"
            sortorder="2"
            type="entity.CPBlanketCov"/>
        </Entity>
      </SubSection>
      <SubSection
        label="gw.api.locale.DisplayKey.get('Web.Differences.LOB.Common.Modifiers')"
        sortorder="3">
        <Entity
          parentpath="ENTITY.CPLine"
          type="CPModifier">
          <Entity
            parentpath="ENTITY.CPModifier"
            type="CPRateFactor"/>
        </Entity>
      </SubSection>
    </RootEntity>
    <RootEntity
      sortorder="2"
      type="GeneralLiabilityLine">
      <SubSection
        label="gw.api.locale.DisplayKey.get('Web.Differences.LOB.GL.Exposures')"
        sortorder="1">
        <Entity
          parentpath="ENTITY.Branch.GLLine"
          showadds="false"
          showchanges="false"
          showremoves="false"
          type="PolicyLocation">
          <Entity
            label="gw.api.locale.DisplayKey.get('Web.Differences.LOB.GL.Exposure', ENTITY.ClassCode.Code, ENTITY.ClassCode.Classification)"
            parentpath="ENTITY.Location"
            showadds="false"
            showremoves="false"
            type="GLExposure">
            <Properties
              includefromtype="GLExposure"
              parentpath="ENTITY">
              <PropertyDisplay
                label="gw.api.locale.DisplayKey.get('Web.Differences.LOB.GL.Basis')"
                propertyname="ScalableBasisAmount"
                value="gw.api.locale.DisplayKey.get('Web.Differences.LOB.GL.BasisValue', VALUE, ENTITY.EffectiveDate.ShortFormat, ENTITY.ExpirationDate.ShortFormat)"/>
              <PropertyDisplay
                label="gw.api.locale.DisplayKey.get('Web.Differences.LOB.GL.Basis')"
                propertyname="FixedBasisAmount"
                value="gw.api.locale.DisplayKey.get('Web.Differences.LOB.GL.BasisValue', VALUE, ENTITY.EffectiveDate.ShortFormat, ENTITY.ExpirationDate.ShortFormat)"/>
            </Properties>
          </Entity>
          <Entity
            label="gw.api.locale.DisplayKey.get('Web.Differences.LOB.GL.ExposureDisplay', ENTITY.ClassCode.Code, ENTITY.ClassCode.Classification, ENTITY.EffectiveDate.ShortFormat, ENTITY.ExpirationDate.ShortFormat)"
            parentpath="ENTITY.Location"
            showchanges="false"
            type="GLExposure"/>
        </Entity>
      </SubSection>
      <SubSection
        label="gw.api.locale.DisplayKey.get('Web.Differences.LOB.GL.Clauses')"
        sortorder="2">
        <Entity
          parentpath="ENTITY.GLLine"
          sortorder="1"
          type="GeneralLiabilityCov"/>
        <Entity
          parentpath="ENTITY.GLLine"
          sortorder="2"
          type="GeneralLiabilityCond"/>
        <Entity
          parentpath="ENTITY.GLLine"
          sortorder="3"
          type="GeneralLiabilityExcl"/>
      </SubSection>
      <SubSection
        label="gw.api.locale.DisplayKey.get('Web.Differences.LOB.Common.Modifiers')"
        sortorder="3">
        <Entity
          parentpath="ENTITY.GLLine"
          type="GLModifier">
          <Entity
            parentpath="ENTITY.GLModifier"
            type="GLRateFactor"/>
        </Entity>
      </SubSection>
    </RootEntity>
    <RootEntity
      sortorder="3"
      type="InlandMarineLine">
      <SubSection
        label="gw.api.locale.DisplayKey.get('Web.Differences.LOB.Common.LocationsAndBuildings')"
        sortorder="1">
        <Entity
          parentpath="ENTITY.IMLine"
          type="IMLocation">
          <Entity
            parentpath="ENTITY.IMLocation"
            type="IMBuilding"/>
        </Entity>
      </SubSection>
      <SubSection
        label="gw.api.locale.DisplayKey.get('Web.Differences.LOB.IM.CoverageParts')"
        sortorder="2">
        <Entity
          parentpath="ENTITY.Branch.IMLine"
          sortorder="1"
          type="IMAccountsRecPart">
          <SubSection
            label="gw.api.locale.DisplayKey.get('Web.Differences.LOB.Common.Coverages')"
            sortorder="1">
            <Entity
              parentpath="ENTITY.IMAccountsRecPart"
              type="IMAccountsRecPartCov"/>
          </SubSection>
          <SubSection
            label="gw.api.locale.DisplayKey.get('Web.Differences.LOB.IM.ScheduledItems')"
            sortorder="2">
            <Entity
              label="gw.api.locale.DisplayKey.get('Web.Differences.LOB.IM.IMAccountsReceivable', ENTITY.ReceptacleType, ENTITY.IMBuilding.DisplayName, ENTITY.IMBuilding.IMLocation.Location.DisplayName)"
              parentpath="ENTITY.IMAccountsRecPart"
              type="IMAccountsReceivable">
              <Entity
                parentpath="ENTITY.IMAccountsReceivable"
                sortorder="1"
                type="IMAccountsRecCov"/>
              <Properties
                includefromtype="IMAccountsReceivable"
                parentpath="ENTITY"
                sortorder="2"/>
            </Entity>
          </SubSection>
          <SubSection
            label="gw.api.locale.DisplayKey.get('Web.Differences.LOB.IM.ExcludedAccounts')"
            sortorder="3">
            <Entity
              parentpath="ENTITY.IMAccountsRecPart"
              type="IMExcludedAccount"/>
          </SubSection>
        </Entity>
        <Entity
          parentpath="ENTITY.Branch.IMLine"
          sortorder="2"
          type="ContractorsEquipPart">
          <SubSection
            label="gw.api.locale.DisplayKey.get('Web.Differences.LOB.Common.Coverages')"
            sortorder="1">
            <Entity
              parentpath="ENTITY.ContractorsEquipPart"
              type="ContrEquipPartCov"/>
          </SubSection>
          <SubSection
            label="gw.api.locale.DisplayKey.get('Web.Differences.LOB.IM.ScheduledEquipments')"
            sortorder="2">
            <Entity
              parentpath="ENTITY.ContractorsEquipPart"
              type="ContractorsEquipment">
              <Entity
                parentpath="ENTITY.ContractorsEquipment"
                sortorder="1"
                type="ContractorsEquipCov"/>
              <Entity
                label="gw.api.locale.DisplayKey.get('Web.Differences.LOB.Common.PolicyAddlInterestDetail', ENTITY.DisplayName, ENTITY.AdditionalInterestType)"
                parentpath="ENTITY.ContractorsEquipment"
                sortorder="2"
                type="IMSchEquipAddlInterest"/>
            </Entity>
          </SubSection>
        </Entity>
        <Entity
          parentpath="ENTITY.Branch.IMLine"
          sortorder="3"
          type="IMSignPart">
          <Entity
            parentpath="ENTITY.IMSignPart"
            type="IMSign">
            <Entity
              parentpath="ENTITY.IMSign"
              type="entity.IMSignCov"/>
          </Entity>
        </Entity>
      </SubSection>
    </RootEntity>
  </Section>
  <Section
    label="gw.api.locale.DisplayKey.get('Web.Differences.LOB.Common.Modifiers')"
    sortorder="4">
    <RootEntity
      type="ProductModifier">
      <Entity
        parentpath="ENTITY.ProductModifier"
        type="ProductRateFactor"/>
    </RootEntity>
  </Section>
</DiffTree>
