<?xml version="1.0"?>
<DiffTree
  xmlns:xsi="http://www.w3.org/2001/XMLSchema-instance"
  xsi:noNamespaceSchemaLocation="schema/difftree.xsd">
  <Section
    label="gw.api.locale.DisplayKey.get('Web.Differences.LOB.Common.PolicyInfo')"
    sortorder="1">
    <RootProperties
      includefromtype="PolicyPeriod"
      sortorder="1"/>
    <RootProperties
      includefromtype="EffectiveDatedFields"
      sortorder="2">
      <PropertyDisplay
        propertyname="OfferingCode"
        value="ENTITY.getOfferingName(VALUE)"/>
    </RootProperties>
    <RootEntity
      type="PolicyPriNamedInsured"
      label="gw.api.locale.DisplayKey.get('Web.Differences.LOB.Common.PolicyPriNamedInsured',ENTITY.DisplayName)"
      sortorder="3"/>
    <RootEntity
      type="PolicySecNamedInsured"
      label="gw.api.locale.DisplayKey.get('Web.Differences.LOB.Common.PolicySecNamedInsured',ENTITY.DisplayName)"
      sortorder="4"/>
    <RootEntity
      label="gw.api.locale.DisplayKey.get('Web.Differences.LOB.Common.PolicyAddlNamedInsured', ENTITY.DisplayName)"
      sortorder="5"
      type="PolicyAddlNamedInsured"/>
    <RootEntity
      type="PolicyAddlInterest"
      showadds="false"
      showremoves="false"
      label="gw.api.locale.DisplayKey.get('Web.Differences.LOB.Common.PolicyAddlInterest',ENTITY.DisplayName)"
      sortorder="6"/>
    <RootEntity
      label="gw.api.locale.DisplayKey.get('Web.Differences.LOB.Common.PolicyAddlInsured', ENTITY.DisplayName)"
      sortorder="7"
      type="PolicyAddlInsured"/>
    <RootEntity
      label="gw.api.locale.DisplayKey.get('Web.Differences.LOB.Common.PolicyAddlInsuredDetail', ENTITY.DisplayName, ENTITY.AdditionalInsuredType)"
      sortorder="8"
      type="PolicyAddlInsuredDetail"/>
    <RootEntity
      type="PolicyAddress"
      label="gw.api.locale.DisplayKey.get('Web.Differences.LOB.Common.PolicyAddress',ENTITY.AddressType)"
      sortorder="9"/>
    <RootEntity
      type="HOPCoveragePart"
      sortorder="10"/>
  </Section>
  <Section
    label="gw.api.locale.DisplayKey.get('Web.Differences.LOB.Common.LineCoverages')"
    sortorder="2">
    <RootEntity
      type="HOPLineCov"
      sortorder="1">
    </RootEntity>
    <RootEntity
      type="HOPLineScheduleCov"
      sortorder="2">
      <Entity
        parentpath="ENTITY.Schedule"
        type="HOPLineScheduleCovItem">
        <Properties
          includefromtype="HOPLineSchCovItemCov"
          parentpath="ENTITY.HOPLineScheduleCovItem">
        </Properties>
      </Entity>
    </RootEntity>
  </Section>
  <Section
    label="gw.api.locale.DisplayKey.get('Web.Differences.LOB.Common.LineConditions')"
    sortorder="3">
    <RootEntity
      type="HOPLineCond"
      sortorder="1">
    </RootEntity>
    <RootEntity
      type="HOPLineScheduleCond"
      sortorder="2">
      <Entity
        parentpath="ENTITY.Schedule"
        type="HOPLineScheduleCondItem">
        <Properties
          includefromtype="HOPLineSchCondItemCond"
          parentpath="ENTITY.HOPLineScheduleCondItem">
        </Properties>
      </Entity>
    </RootEntity>
  </Section>
  <Section
    label="gw.api.locale.DisplayKey.get('Web.Differences.LOB.Common.LineExclusions')"
    sortorder="4">
    <RootEntity
      type="HOPLineExcl"
      sortorder="1">
    </RootEntity>
    <RootEntity
      type="HOPLineScheduleExcl"
      sortorder="2">
      <Entity
        parentpath="ENTITY.Schedule"
        type="HOPLineScheduleExclItem">
        <Properties
          includefromtype="HOPLineSchExclItemExcl"
          parentpath="ENTITY.HOPLineScheduleExclItem">
        </Properties>
      </Entity>
    </RootEntity>
  </Section>
  <Section
    label="gw.api.locale.DisplayKey.get('Web.Differences.LOB.HOP.CoverageParts')"
    sortorder="5">
    <RootEntity
      type="HOPCoveragePart">
      <SubSection
        label="gw.api.locale.DisplayKey.get('Web.Differences.LOB.HOP.CovPartCoverages')"
        sortorder="1">
        <Entity
          parentpath="ENTITY.HOPCoveragePart"
          type="HOPCoveragePartCov"
          sortorder="1">
        </Entity>
        <Entity
          parentpath="ENTITY.HOPCoveragePart"
          type="HOPCovPartScheduleCov"
          sortorder="2">
          <Entity
            parentpath="ENTITY.Schedule"
            type="HOPCovPartScheduleCovItem">
            <Properties
              includefromtype="HOPCovPartSchCovItemCov"
              parentpath="ENTITY.HOPCovPartScheduleCovItem">
            </Properties>
          </Entity>
        </Entity>
      </SubSection>
      <SubSection
        label="gw.api.locale.DisplayKey.get('Web.Differences.LOB.HOP.CovPartConditions')"
        sortorder="2">
        <Entity
          parentpath="ENTITY.HOPCoveragePart"
          type="HOPCoveragePartCond"
          sortorder="1">
        </Entity>
        <Entity
          parentpath="ENTITY.HOPCoveragePart"
          type="HOPCovPartScheduleCond"
          sortorder="2">
          <Entity
            parentpath="ENTITY.Schedule"
            type="HOPCovPartSchCondItem">
            <Properties
              includefromtype="HOPCovPartSchCondItemCond"
              parentpath="ENTITY.HOPCovPartSchCondItem">
            </Properties>
          </Entity>
        </Entity>
      </SubSection>
      <SubSection
        label="gw.api.locale.DisplayKey.get('Web.Differences.LOB.HOP.CovPartExclusions')"
        sortorder="3">
        <Entity
          parentpath="ENTITY.HOPCoveragePart"
          type="HOPCoveragePartExcl"
          sortorder="1">
        </Entity>
        <Entity
          parentpath="ENTITY.HOPCoveragePart"
          type="HOPCovPartScheduleExcl"
          sortorder="2">
          <Entity
            parentpath="ENTITY.Schedule"
            type="HOPCovPartSchExclItem">
            <Properties
              includefromtype="HOPCovPartSchExclItemExcl"
              parentpath="ENTITY.HOPCovPartSchExclItem">
            </Properties>
          </Entity>
        </Entity>
      </SubSection>
    </RootEntity>
  </Section>
  <Section
    label="gw.api.locale.DisplayKey.get('Web.Differences.LOB.HOP.Dwellings')"
    sortorder="6">
    <RootEntity
      sortorder="1"
      type="HOPDwelling">
      <Properties
        includefromtype="PolicyLocation"
        parentpath="ENTITY.Branch.HOPLine.HOPDwellings.single()"
        sortorder="1"/>
      <Properties
        includefromtype="HOPDwelling"
        parentpath="ENTITY"
        sortorder="2"/>
      <Entity
        parentpath="ENTITY.HOPDwelling"
        type="DwellingAnimal"
        sortorder="3">
      </Entity>
      <Entity
        parentpath="ENTITY.HOPDwelling"
        type="DwellingHazard"
        sortorder="4">
      </Entity>
      <Entity
        parentpath="ENTITY.HOPDwelling"
        type="HOPSwimmingPool"
        sortorder="5">
      </Entity>
      <SubSection
        label="gw.api.locale.DisplayKey.get('Web.Differences.LOB.HOP.DwellingCoverages')"
        sortorder="6">
        <Entity
          parentpath="ENTITY.HOPDwelling"
          type="HOPDwellingCov"
          sortorder="1">
        </Entity>
        <Entity
          parentpath="ENTITY.HOPDwelling"
          type="HOPDwellingScheduleCov"
          sortorder="2">
          <Entity
            parentpath="ENTITY.Schedule"
            type="HOPDwellScheduleCovItem">
            <Properties
              includefromtype="HOPDwellSchCovItemCov"
              parentpath="ENTITY.HOPDwellScheduleCovItem">
            </Properties>
          </Entity>
        </Entity>
      </SubSection>
      <SubSection
        label="gw.api.locale.DisplayKey.get('Web.Differences.LOB.HOP.DwellingConditions')"
        sortorder="7">
        <Entity
          parentpath="ENTITY.HOPDwelling"
          type="HOPDwellingCond"
          sortorder="1">
        </Entity>
        <Entity
          parentpath="ENTITY.HOPDwelling"
          type="HOPDwellingScheduleCond"
          sortorder="2">
          <Entity
            parentpath="ENTITY.Schedule"
            type="HOPDwellScheduleCondItem">
            <Properties
              includefromtype="HOPDwellSchCondItemCond"
              parentpath="ENTITY.HOPDwellScheduleCondItem">
            </Properties>
          </Entity>
        </Entity>
      </SubSection>
      <SubSection
        label="gw.api.locale.DisplayKey.get('Web.Differences.LOB.HOP.DwellingExclusions')"
        sortorder="8">
        <Entity
          parentpath="ENTITY.HOPDwelling"
          type="HOPDwellingExcl"
          sortorder="1">
        </Entity>
        <Entity
          parentpath="ENTITY.HOPDwelling"
          type="HOPDwellingScheduleExcl"
          sortorder="2">
          <Entity
            parentpath="ENTITY.Schedule"
            type="HOPDwellScheduleExclItem">
            <Properties
              includefromtype="HOPDwellSchExclItemExcl"
              parentpath="ENTITY.HOPDwellScheduleExclItem">
            </Properties>
          </Entity>
        </Entity>
      </SubSection>
      <Entity
        label="gw.api.locale.DisplayKey.get('Web.Differences.LOB.Common.PolicyAddlInterestDetail', ENTITY.DisplayName, ENTITY.AdditionalInterestType)"
        parentpath="ENTITY.HOPDwelling"
        sortorder="9"
        type="HOPDwellAddlInterest">
        <Properties
          includefromtype="HOPDwellAddlInterest"
          parentpath="ENTITY">
          <PropertyDisplay
            propertyname="AdditionalInterestType"/>
        </Properties>
      </Entity>
    </RootEntity>
  </Section>
  <Section
    label="gw.api.locale.DisplayKey.get('Web.Differences.LOB.Common.Modifiers')"
    sortorder="7">
    <RootEntity
      type="HOPLineMod">
      <Properties
        includefromtype="HOPLineMod"
        parentpath="ENTITY">
        <PropertyDisplay
          propertyname="TypeKeyModifier"
          value="ENTITY.Pattern.TypeListAsTypeList.getTypeKey(VALUE).DisplayName"/>
      </Properties>
    </RootEntity>
    <RootEntity
      type="HOPDwellingMod">
    </RootEntity>
    <RootEntity
      type="HOPCoveragePartMod">
    </RootEntity>
  </Section>
</DiffTree>
