<?xml version="1.0"?>
<DiffTree
  xmlns:xsi="http://www.w3.org/2001/XMLSchema-instance"
  xsi:noNamespaceSchemaLocation="schema/difftree.xsd">
  <Section
    label="gw.api.locale.DisplayKey.get('Web.Differences.LOB.Common.PolicyInfo')"
    sortorder="1">
    <RootProperties
      includefromtype="PolicyPeriod"
      sortorder="1"/>
    <RootEntity
      label="gw.api.locale.DisplayKey.get('Web.Differences.LOB.Common.PolicyPriNamedInsured', ENTITY.DisplayName)"
      sortorder="2"
      type="PolicyPriNamedInsured"/>
    <RootEntity
      label="gw.api.locale.DisplayKey.get('Web.Differences.LOB.Common.PolicyAddlNamedInsured', ENTITY.DisplayName)"
      sortorder="3"
      type="PolicyAddlNamedInsured"/>
    <RootEntity
      label="gw.api.locale.DisplayKey.get('Web.Differences.LOB.Common.PolicyAddlInterest', ENTITY.DisplayName)"
      showadds="false"
      showremoves="false"
      sortorder="4"
      type="PolicyAddlInterest"/>
    <RootEntity
      label="gw.api.locale.DisplayKey.get('Web.Differences.LOB.Common.PolicyBillingContact', ENTITY.DisplayName)"
      sortorder="5"
      type="PolicyBillingContact"/>
    <RootEntity
      label="gw.api.locale.DisplayKey.get('Web.Differences.LOB.Common.PolicyAddress', ENTITY.AddressType)"
      sortorder="6"
      type="PolicyAddress"/>
    <RootProperties
      includefromtype="EffectiveDatedFields"
      sortorder="7"/>
  </Section>
  <Section
    label="gw.api.locale.DisplayKey.get('Web.Differences.LOB.Common.LocationsAndBuildings')"
    sortorder="2">
    <RootEntity
      sortorder="1"
      type="IMLocation">
      <Properties
        includefromtype="PolicyLocation"
        parentpath="ENTITY.Branch.IMLine.IMLocations.firstWhere(\ il-&gt;il.Location==ENTITY)"
        sortorder="1"/>
      <Properties
        includefromtype="IMLocation"
        parentpath="ENTITY"
        sortorder="1"/>
      <Entity
        parentpath="ENTITY.IMLocation"
        sortorder="2"
        type="IMBuilding">
        <Properties
          includefromtype="Building"
          parentpath="ENTITY.Branch.IMLine.IMLocations*.Buildings.firstWhere(\b-&gt;b.Building==ENTITY)"
          sortorder="1"/>
        <Properties
          includefromtype="BuildingImprovement"
          parentpath="ENTITY.Branch.IMLine.IMLocations*.Buildings.firstWhere(\b-&gt;b.Building==ENTITY.Building)"
          sortorder="2">
          <PropertyDisplay
            label="gw.api.locale.DisplayKey.get('Web.Differences.LOB.Common.BuildingImprovements', ENTITY.BuildingImprType.DisplayName)"
            propertyname="YearAdded"/>
        </Properties>
        <Properties
          includefromtype="BuildingSide"
          parentpath="ENTITY.Branch.IMLine.IMLocations*.Buildings.firstWhere(\b-&gt;b.Building==ENTITY.Building)"
          sortorder="3">
          <PropertyDisplay
            label="gw.api.locale.DisplayKey.get('Web.Differences.LOB.Common.BuildingSides', ENTITY.BuildingSideType.DisplayName)"
            propertyname="Description"/>
        </Properties>
        <Properties
          includefromtype="IMBuilding"
          parentpath="ENTITY"
          sortorder="4"/>
      </Entity>
    </RootEntity>
  </Section>
  <Section
    label="gw.api.locale.DisplayKey.get('Web.Differences.LOB.IM.CoverageParts')"
    sortorder="3">
    <RootEntity
      sortorder="1"
      type="IMAccountsRecPart">
      <SubSection
        label="gw.api.locale.DisplayKey.get('Web.Differences.LOB.Common.Coverages')"
        sortorder="1">
        <Entity
          parentpath="ENTITY.IMAccountsRecPart"
          type="IMAccountsRecPartCov"/>
      </SubSection>
      <SubSection
        label="gw.api.locale.DisplayKey.get('Web.Differences.LOB.IM.ScheduledItems')"
        sortorder="2">
        <Entity
          label="gw.api.locale.DisplayKey.get('Web.Differences.LOB.IM.IMAccountsReceivable', ENTITY.ReceptacleType, ENTITY.IMBuilding.DisplayName, ENTITY.IMBuilding.IMLocation.Location.DisplayName)"
          parentpath="ENTITY.IMAccountsRecPart"
          type="IMAccountsReceivable">
          <Entity
            parentpath="ENTITY.IMAccountsReceivable"
            sortorder="1"
            type="IMAccountsRecCov"/>
          <Properties
            includefromtype="IMAccountsReceivable"
            parentpath="ENTITY"
            sortorder="2">
            <ExcludedProperty
              propertyname="AccountsRecNumber"/>
          </Properties>
        </Entity>
      </SubSection>
      <SubSection
        label="gw.api.locale.DisplayKey.get('Web.Differences.LOB.IM.ExcludedAccounts')"
        sortorder="3">
        <Entity
          parentpath="ENTITY.IMAccountsRecPart"
          type="IMExcludedAccount"/>
      </SubSection>
    </RootEntity>
    <RootEntity
      sortorder="2"
      type="ContractorsEquipPart">
      <SubSection
        label="gw.api.locale.DisplayKey.get('Web.Differences.LOB.Common.Coverages')"
        sortorder="1">
        <Entity
          parentpath="ENTITY.ContractorsEquipPart"
          type="ContrEquipPartCov"/>
      </SubSection>
      <SubSection
        label="gw.api.locale.DisplayKey.get('Web.Differences.LOB.IM.ScheduledEquipments')"
        sortorder="2">
        <Entity
          parentpath="ENTITY.ContractorsEquipPart"
          type="ContractorsEquipment">
          <Entity
            parentpath="ENTITY.ContractorsEquipment"
            sortorder="1"
            type="ContractorsEquipCov"/>
          <Entity
            label="gw.api.locale.DisplayKey.get('Web.Differences.LOB.Common.PolicyAddlInterestDetail', ENTITY.DisplayName, ENTITY.AdditionalInterestType)"
            parentpath="ENTITY.ContractorsEquipment"
            sortorder="2"
            type="IMSchEquipAddlInterest"/>
        </Entity>
      </SubSection>
    </RootEntity>
    <RootEntity
      sortorder="3"
      type="IMSignPart">
      <Entity
        parentpath="ENTITY.IMSignPart"
        type="IMSign">
        <Entity
          parentpath="ENTITY.IMSign"
          type="entity.IMSignCov"/>
      </Entity>
    </RootEntity>
  </Section>
</DiffTree>
