<?xml version="1.0"?>
<DiffTree
  xmlns:xsi="http://www.w3.org/2001/XMLSchema-instance"
  xsi:noNamespaceSchemaLocation="schema/difftree.xsd">
  <Section
    label="gw.api.locale.DisplayKey.get('Web.Differences.LOB.Common.PolicyInfo')"
    sortorder="1">
    <RootProperties
      includefromtype="PolicyPeriod"
      sortorder="1"/>
    <RootProperties
      includefromtype="EffectiveDatedFields"
      sortorder="2">
      <PropertyDisplay
        propertyname="OfferingCode"
        value="ENTITY.getOfferingName(VALUE)"/>
    </RootProperties>
    <RootEntity
      label="gw.api.locale.DisplayKey.get('Web.Differences.LOB.Common.PolicyPriNamedInsured', ENTITY.DisplayName)"
      sortorder="3"
      type="PolicyPriNamedInsured"/>
    <RootEntity
      label="gw.api.locale.DisplayKey.get('Web.Differences.LOB.Common.PolicySecNamedInsured', ENTITY.DisplayName)"
      sortorder="4"
      type="PolicySecNamedInsured"/>
    <RootEntity
      label="gw.api.locale.DisplayKey.get('Web.Differences.LOB.Common.PolicyAddlInterest', ENTITY.DisplayName)"
      showadds="false"
      showremoves="false"
      sortorder="5"
      type="PolicyAddlInterest"/>
    <RootEntity
      label="gw.api.locale.DisplayKey.get('Web.Differences.LOB.Common.PolicyAddress', ENTITY.AddressType)"
      sortorder="6"
      type="PolicyAddress"/>
  </Section>
  <Section
    label="gw.api.locale.DisplayKey.get('Web.Differences.LOB.PA.Drivers')"
    sortorder="2">
    <RootEntity
      label="gw.api.locale.DisplayKey.get('Web.Differences.LOB.Common.PolicyDriver', ENTITY.DisplayName)"
      type="PolicyDriver">
      <Properties
        includefromtype="PolicyDriver"
        parentpath="ENTITY">
        <ExcludedProperty
          propertyname="QuickQuoteNumber"/>
        <PropertyDisplay
          label="gw.api.locale.DisplayKey.get('Web.Differences.LOB.PA.ExcludedLabel')"
          propertyname="ExcludedInternal"/>
      </Properties>
    </RootEntity>
  </Section>
  <Section
    label="gw.api.locale.DisplayKey.get('Web.Differences.LOB.PA.Vehicles')"
    sortorder="3">
    <RootEntity
      type="PersonalVehicle">
      <SubSection
        label="gw.api.locale.DisplayKey.get('Web.Differences.LOB.Common.Coverages')"
        sortorder="1">
        <Entity
          parentpath="ENTITY.PersonalVehicle"
          type="PersonalVehicleCov"/>
      </SubSection>
      <SubSection
        label="gw.api.locale.DisplayKey.get('Web.Differences.LOB.Common.Modifiers')"
        sortorder="2">
        <Entity
          parentpath="ENTITY.PAVehicle"
          type="PAVehicleModifier">
          <Properties
            includefromtype="PAVehicleModifier"
            parentpath="ENTITY">
            <PropertyDisplay
              propertyname="TypeKeyModifier"
              value="ENTITY.Pattern.TypeListAsTypeList.getTypeKey(VALUE).DisplayName"/>
          </Properties>
        </Entity>
      </SubSection>
      <Properties
        includefromtype="PersonalVehicle"
        parentpath="ENTITY">
        <ExcludedProperty
          propertyname="QuickQuoteNumber"/>
      </Properties>
      <Entity
        label="gw.api.locale.DisplayKey.get('Web.Differences.LOB.PA.AssignedDriver', ENTITY.DisplayName)"
        parentpath="ENTITY.Vehicle"
        sortorder="3"
        type="VehicleDriver"/>
      <Entity
        label="gw.api.locale.DisplayKey.get('Web.Differences.LOB.Common.PolicyAddlInterestDetail', ENTITY.DisplayName, ENTITY.AdditionalInterestType)"
        parentpath="ENTITY.PAVehicle"
        sortorder="4"
        type="PAVhcleAddlInterest">
        <Properties
          includefromtype="PAVhcleAddlInterest"
          parentpath="ENTITY">
          <PropertyDisplay
            propertyname="AdditionalInterestType"/>
        </Properties>
      </Entity>
    </RootEntity>
  </Section>
  <Section
    label="gw.api.locale.DisplayKey.get('Web.Differences.LOB.Common.LineCoverages')"
    sortorder="4">
    <RootEntity
      type="PersonalAutoCov">
      <Entity
        label="gw.api.locale.DisplayKey.get('Web.Differences.LOB.PA.Coverage', ENTITY.DisplayName)"
        parentpath="ENTITY"
        sortorder="1"
        type="PersonalAutoCov"/>
    </RootEntity>
  </Section>
  <Section
    label="gw.api.locale.DisplayKey.get('Web.Differences.LOB.Common.LineExclusions')"
    sortorder="5">
    <RootEntity
      label="ENTITY.Pattern.Name"
      type="PersonalAutoExcl"/>
  </Section>
  <Section
    label="gw.api.locale.DisplayKey.get('Web.Differences.LOB.Common.LineConditions')"
    sortorder="6">
    <RootEntity
      label="ENTITY.Pattern.Name"
      type="PersonalAutoCond"/>
  </Section>
</DiffTree>
