<?xml version="1.0"?>
<EntityInfo EntityTypeName="entity.CPBuilding" ParentEntityTypeName="entity.CPLocation" ParentEntityColumnPath="CPLocation.PublicID">
  <ColumnInfo Header="Export.Action"
    FlagsAction="true" />
  <ColumnInfo Path="PublicID"
    Header="Export.CPBuilding.BuildingID"
    Locked="true"
    FlagsEntityId="true"
    ExcludeFromTemplate="true" />
  <ColumnInfo Path="PreferredCoverageCurrency"
    Header="Export.CPBuilding.PreferredCoverageCurrency"
    ColumnType="typekey.Currency"
    RequiredForImport="true" />
  <ColumnInfo Path="CPBldgCov.CPBldgCovLimit"
    Header="Export.CPBuilding.BuildingCoverageLimit"
    ColumnType="gw.api.domain.covterm.CovTerm" />
  <ColumnInfo Path="CPBPPCov.CPBPPCovLimit"
    Header="Export.CPBuilding.BusinessPersonalPropertyCoverageLimit"
    ColumnType="gw.api.domain.covterm.CovTerm" />
  <ColumnInfo Path="CPBldgBusIncomeCov.BusIncomeMfgLimit"
    Header="Export.CPBuilding.BusIncomeMfgLimit"
    ColumnType="gw.api.domain.covterm.CovTerm" />
  <ColumnInfo Path="CPBldgBusIncomeCov.BusIncomeOtherLimit"
    Header="Export.CPBuilding.BusIncomeOtherLimit"
    ColumnType="gw.api.domain.covterm.CovTerm" />
  <ColumnInfo Path="CPBldgBusIncomeCov.BusIncomeRentalLimit"
    Header="Export.CPBuilding.BusIncomeRentalLimit"
    ColumnType="gw.api.domain.covterm.CovTerm" />
  <ColumnInfo Path="CPBldgExtraExpenseCov.CPBldgExtraExpenseCovLimit"
    Header="Export.CPBuilding.ExtraExpenseCoverageLimit"
    ColumnType="gw.api.domain.covterm.CovTerm"/>
  <ColumnInfo Path="CoverageForm"
    Header="Export.CPBuilding.CoverageForm"
    ColumnType="typekey.CoverageForm"
    RequiredForImport="true" />
  <ColumnInfo Path="RateType"
    Header="Export.CPBuilding.RateType"
    ColumnType="typekey.RateType"
    RequiredForImport="true" />
  <Parent>
      <ColumnInfo Path="CPLocation.PublicID"
        Header="Export.CPBuilding.LocationID"
        Locked="true"
        ColumnType="java.lang.String" />
      <ColumnInfo Path="CPLocation.Location.AccountLocation.LocationName"
        Header="Export.CPBuilding.LocationName"
        ColumnType="java.lang.String" />
      <ColumnInfo Path="CPLocation.Location.AddressLine1"
        Header="Export.CPBuilding.Address"
        ColumnType="java.lang.String"
        RequiredForImport="true" />
      <ColumnInfo Path="CPLocation.Location.City"
        Header="Export.CPBuilding.City"
        ColumnType="java.lang.String"
        RequiredForImport="true" />
      <ColumnInfo Path="CPLocation.Location.State"
        Header="Export.CPBuilding.State"
        ColumnType="typekey.State"
        id="stateColumn"
        RequiredForImport="true" />
      <ColumnInfo Path="CPLocation.Location.PostalCode"
        Header="Export.CPBuilding.PostalCode"
        ColumnType="java.lang.String"
        RequiredForImport="true" />
      <ColumnInfo Path="CPLocation.Location.Country"
        Header="Export.CPBuilding.Country"
        ColumnType="typekey.Country"
        RequiredForImport="true" />
      <ColumnInfo Path="CPLocation.TerritoryCode"
        Header="Export.CPBuilding.TerritoryCode"
        ColumnType="entity.TerritoryCode"
        RequiredForImport="true" >
        <Dependent purpose="State">stateColumn</Dependent>
      </ColumnInfo>
      <ColumnInfo Path="CPLocation.Location.TaxLocation"
        Header="Export.CPLocation.TaxLocation"
        ColumnType="entity.TaxLocation">
        <Dependent purpose="State">stateColumn</Dependent>
      </ColumnInfo>
  </Parent>
  <ColumnInfo Path="ClassCode"
    Header="Export.CPBuilding.ClassCode"
    ColumnType="entity.CPClassCode"
    RequiredForImport="true" >
    <Dependent purpose="State">stateColumn</Dependent>
  </ColumnInfo>
</EntityInfo>
