<?xml version="1.0"?>
<EntityInfo EntityTypeName="entity.CPLocation">
  <ColumnInfo Header="Export.Action"
    FlagsAction="true" />

  <ColumnInfo Path="PublicID"
    Header="Export.CPLocation.LocationID"
    Locked="true"
    FlagsEntityId="true"
    ExcludeFromTemplate="true" />

  <ColumnInfo Path="Location.AccountLocation.LocationCode"
    Header="Export.CPLocation.LocationCode"
    ColumnType="java.lang.String" />

  <ColumnInfo Path="Location.AccountLocation.LocationName"
    Header="Export.CPLocation.LocationName"
    ColumnType="java.lang.String" />

  <ColumnInfo Path="Location.AddressLine1"
    Header="Export.CPLocation.Address"
    ColumnType="java.lang.String"
    RequiredForImport="true" />

  <ColumnInfo Path="Location.City"
    Header="Export.CPLocation.City"
    ColumnType="java.lang.String"
    RequiredForImport="true"
    id="cityColumn" />

  <ColumnInfo Path="Location.State"
    Header="Export.CPLocation.State"
    ColumnType="typekey.State"
    RequiredForImport="true"
    id="stateColumn" />

  <ColumnInfo Path="Location.PostalCode"
    Header="Export.CPLocation.PostalCode"
    ColumnType="java.lang.String"
    RequiredForImport="true"
    id="postalCodeColumn" />

  <ColumnInfo Path="Location.County"
    Header="Export.CPLocation.County"
    ColumnType="java.lang.String" />  

  <ColumnInfo Path="Location.Country"
    Header="Export.CPLocation.Country"
    ColumnType="typekey.Country" />  

  <ColumnInfo Path="Location.AccountLocation.Phone"
    Header="Export.CPLocation.Phone"
    ColumnType="java.lang.String" />  

  <ColumnInfo Path="PrincipalOpsDesc"
    Header="Export.CPLocation.PrincipalOpsDesc"
    ColumnType="java.lang.String" />  

  <ColumnInfo Path="Location.FireProtectClass"
    Header="Export.CPLocation.FireProtection"
    ColumnType="typekey.FireProtectClass" />  

  <ColumnInfo Path="TerritoryCode"
    Header="Export.CPLocation.TerritoryCode"
    ColumnType="entity.TerritoryCode"
    RequiredForImport="true" >
    <Dependent purpose="State">stateColumn</Dependent>
  </ColumnInfo>

  <ColumnInfo Path="Location.TaxLocation"
    Header="Export.CPLocation.TaxLocation"
    ColumnType="entity.TaxLocation">
    <Dependent purpose="State">stateColumn</Dependent>
  </ColumnInfo>
</EntityInfo>
