<?xml version="1.0"?>

<document
        xmlns:xsi="http://www.w3.org/2001/XMLSchema-instance"
        xsi:noNamespaceSchemaLocation="file://${documentRoot}/conf/solr-batchload-config.xsd"
        version="1">

    <param name="debug" value="false"/>
    <param name="appPrefix" value="pc"/>

    <param name="solrRoot" value="/opt/gwsolr"/>
    <param name="documentRoot" value="${solrRoot}/pc/solr/policy_active"/>

    <!--
    If the Solr Batch Loader is run from within the Guidewire app (ClaimCenter,
    PolicyCenter, etc.), the location of the solrServerConfigFile
    param is taken from the Guidewire app, not from the parameter below and the
    value for the absolutePathToWorkDir param is determined from the contents of
    that file, not from the parameter below.
    -->
    <param name="solrServerConfigFile" value="${documentRoot}/conf/solrserver-config.xml"/>
    <param name="absolutePathToWorkDir" value="${documentRoot}/workDir"/>
    <!--
    The parameter absolutePathToSortExe specifies what sort facility the
    SolrBatchLoader should use. You can either specify the literal "internalSort"
    or an absolute path to an external sort utility:

    1.) internalSort : this will cause the SolrBatchLoader to use an in-memory
    Java-based sort facility. This option should be used only in development/demo
    mode where the number of entity rows to be fetched by the batch loader is less
    than 10000 (if you exceed 10000 rows, the batch loader will throw an exception).

    2.) <abolute_path_to_an_external_sort_utility> : this will cause the
    SolrBatchLoader to use an external, high-performance sort utility. This option
    should be used in production mode. On Unix/Linux the sort utility is typically
    located at /usr/bin/sort. On Windows, Guidewire only supports the Cygwin sort
    utility (you must download and install Cygwin). Typically, the Cygwin sort
    utility is located at c:\cygwin\bin\sort.exe. Be sure to include the .exe
    extension in the value of absolutePathToSortExe if you are specifying the
    location of the sort utility on Windows.
    -->
    <param name="absolutePathToSortExe" value="internalSort"/>
    <param name="sortType" value="lexicographic"/>

    <!--
    The three parameters, sortFieldArgStyle, entitySortMemSize, and absolutePathToSortTmpDir, are enabled
    only if you are using an external sort utility. The parameters entitySortMemSize and absolutePathToSortTmpDir
    are also only enabled for the entity. That is, the sorts for mvFields just get the default values, which should
    be adequate for their smaller sizes.
    -->
    <param name="sortFieldArgStyle" value="posix"/>
    <param name="entitySortMemSize" value="2G"/>
    <param name="absolutePathToSortTmpDir" value="${documentRoot}/workDir/sortTmpDir"/>

    <!--
    The list of transforms (as defined in the <transformer> elements; see below)
    gets applied to the stream of documents coming out of the last joiner. The
    application of these transforms to any one document is independent of their application
    to all other documents. So, the stream of documents can be partitioned and the list of
    transforms can be applied in parallel to each partition. The following parameter
    specifies how many partitions and separate threads should be created to do the
    transforming. In order to run multiple transformer threads, ALL TRANSFORMER CLASSES
    MUST BE THREAD SAFE. In particular, since the input line and the transformed
    output line are in XML and XML parsing and formatting are not thread safe, you must
    allocate separate parsers and formatters for each instance of a transformer. In other
    words, your transformer should not share static resources unless you are sure they
    are read-only/immutable. Serializing access to shared static resources will just degrade
    performance. The maximum number of transform threads is 10.
    -->
    <param name="numTransformThreads" value="3"/>

    <!--
    When disableSolrDataImport is false (the default), Solr is contacted automatically to process the
    generated XML document and load it as the new index.
    
    Set this property to true if you wish to only generate the bulkload file from SQL but are not yet
    ready to load it into Solr.  Use the DataImport page for the associated Solr Core, viewable
    in the Solr Admin UI at http://SOLR_HOST:8983/solr/#/ to have Solr load the file when ready.
    
    IMPORTANT: To avoid errors in the index, make sure the corresponding Solr message destination
    remains suspended until this file has been loaded (or discarded).  Otherwise you may have to
    regenerate the file to ensure the resulting index is correct and complete.
    -->
    <param name="disableSolrDataImport" value="false"/>

    <!--
    If the Solr Batch Loader is run from within the Guidewire app (ClaimCenter,
    PolicyCenter, etc.), the settings in the following <dataSource> element are
    overridden by the settings in the <database> element in config.xml or
    config-override.xml.
    -->


    <preQuery name="fein" query="SELECT ID FROM pctl_officialidtype WHERE TYPECODE = 'FEIN'"/>
    <preQuery name="ssn" query="SELECT ID FROM pctl_officialidtype WHERE TYPECODE = 'SSN'"/>
    <dataSource name="ds_orcl" driver="oracle.jdbc.OracleDriver" url="jdbc:oracle:thin:USER/PASSWORD@//HOST:PORT/SERVICENAME"/>
    <!--
    <dataSource name="ds_h2" driver="org.h2.Driver" url="jdbc:h2:file:/tmp/guidewire/pc;MODE=Oracle;MVCC=true;user=;password="/>
    <dataSource name="ds_sqlserver" driver="com.microsoft.sqlserver.jdbc.SQLServerDriver" url="jdbc:sqlserver://HOST:PORT;databaseName=DATABASENAME;user=USER;password=PASSWORD"/>
    <dataSource name="ds_postgresql" driver="org.postgresql.Driver" url="jdbc:postgresql://HOST:PORT/DATABASENAME?user=USER&amp;password=PASSWORD"/>
    -->

    <!--
         IMPORTANT: the postprocessor expects to find the first three fields (periodIDWithSliceDate, sliceDate, urn)
         up front and in that order.  If you change this, the postprocessor scripts also need to be changed.
      -->
    <entity name="policy"
          query= "
WITH p_start AS (SELECT pp1.policyID, MIN(pp1.periodstart) policy_start
                 FROM pc_policyperiod pp1
                 GROUP BY policyID),
     p_end AS (SELECT pp3.policyID, COALESCE((pp3.cancellationdate),(pp3.periodend)) policy_end
               FROM pc_policyperiod pp3
               WHERE pp3.MostRecentModel = '1'
               AND pp3.TermNumber = (SELECT MAX(pp5.TermNumber)
                                     FROM pc_policyperiod pp5
                                     WHERE pp5.PolicyID = pp3.PolicyID
                                     AND pp5.MostRecentModel = '1'))
SELECT /*+ USE_HASH(ADDR) USE_HASH(PNI) USE_HASH(PADDR) USE_HASH(OFFID1) USE_HASH(OFFID2) USE_HASH(EDF) USE_HASH(JOB) USE_HASH(POL) USE_HASH(P_START) USE_HASH(P_END) */ DISTINCT pp.publicid || '@' || TO_CHAR(pp2.editEffectiveDate) AS periodIdWithSliceDate,
    pp2.EditEffectiveDate AS sliceDate,
    'policyPublicID=' || pol.publicid AS urn,
    pp.TermNumber AS termNumber,
    (CASE pni.FirstNameInternal || ' ' || pni.LastNameInternal
        WHEN ' ' THEN NULL
        ELSE (
        CASE
          WHEN(pp.Status = (SELECT id FROM pctl_policyperiodstatus WHERE typecode = 'Draft')
          AND job.Subtype IN
              (SELECT jst.ID
              FROM pctl_job jst
              WHERE jst.typecode IN('Submission', 'Issuance')))
          THEN(con.FirstName || ' ' || con.LastName)
          ELSE(pni.FirstNameInternal || ' ' || pni.LastNameInternal)
        END)
    END) AS fullName,
    (CASE
          WHEN(pp.Status = (SELECT id FROM pctl_policyperiodstatus WHERE typecode = 'Draft')
          AND job.Subtype IN
              (SELECT jst.ID
              FROM pctl_job jst
              WHERE jst.typecode IN('Submission', 'Issuance')))
          THEN(con.Name)
          ELSE(pni.CompanyNameInternal)
        END) AS companyName,
    pp.publicid AS periodID,
    pol.publicid AS policyPublicID,
    ppstatus.typecode AS periodStatus,
    pp.policynumber AS policyNumber,
    (
    CASE
        WHEN(pp.Status = (SELECT id FROM pctl_policyperiodstatus WHERE typecode = 'Draft')
        AND job.Subtype IN
            (SELECT jst.ID
            FROM pctl_job jst
            WHERE jst.typecode IN('Submission', 'Issuance')))
        THEN(addr.AddressLine1)
        ELSE(paddr.addressline1internal)
    END) AS addressLine1,
    (
    CASE
        WHEN(pp.Status = (SELECT id FROM pctl_policyperiodstatus WHERE typecode = 'Draft')
        AND job.Subtype IN
            (SELECT jst.ID
            FROM pctl_job jst
            WHERE jst.typecode IN('Submission', 'Issuance')))
        THEN(addr.City)
        ELSE(paddr.CityInternal)
    END) AS city,
    (
    CASE
        WHEN(pp.Status = (SELECT id FROM pctl_policyperiodstatus WHERE typecode = 'Draft')
        AND job.Subtype IN
            (SELECT jst.ID
            FROM pctl_job jst
            WHERE jst.typecode IN('Submission', 'Issuance')))
        THEN (SELECT pstate2.TYPECODE FROM pctl_state pstate2 WHERE addr.State = pstate2.ID)
        ELSE (SELECT pstate.TYPECODE
            FROM pctl_state pstate
            WHERE paddr.StateInternal = pstate.ID)
    END) AS state,
    (
    CASE
        WHEN(pp.Status = (SELECT id FROM pctl_policyperiodstatus WHERE typecode = 'Draft')
        AND job.Subtype IN
            (SELECT jst.ID
            FROM pctl_job jst
            WHERE jst.typecode IN('Submission', 'Issuance')))
        THEN(addr.PostalCode)
        ELSE(paddr.postalcodeinternal)
    END) AS postalCode,
    pol.productcode AS product,
    juris.typecode AS jurisdiction,
    (SELECT TYPECODE
    FROM pctl_job jobTl
    WHERE jobTl.ID = job.Subtype
    ) AS jobType,
COALESCE(offID1.OfficialIDValue, offID2.OfficialIDValue)  AS OfficialID,
    p_start.policy_start AS policyStart,
    p_end.policy_end AS policyEnd,
    pp.PeriodStart AS periodStart,
    pp.PeriodEnd AS periodEnd,
    org.name AS producer,
    pcos.code AS producerCodeOfService
FROM pc_policyperiod pp
LEFT OUTER JOIN p_start ON p_start.policyID = pp.policyID
LEFT OUTER JOIN p_end ON p_end.policyID = pp.policyID
INNER JOIN pc_policyperiod pp2              ON pp2.PolicyID = pp.PolicyID
                                            AND pp2.Status = pp.Status AND pp2.TemporaryBranch = '0' AND pp2.Preempted = '0' AND pp2.ArchiveState IS NULL
                                            AND(pp2.TermNumber = pp.TermNumber OR pp.TermNumber IS NULL)
INNER JOIN pctl_policyperiodstatus ppstatus ON ppstatus.id = pp.status
INNER JOIN pctl_jurisdiction juris          ON juris.id = pp.basestate
INNER JOIN pc_policy pol                    ON pol.id = pp.policyid
INNER JOIN pc_policyaddress paddr           ON paddr.branchid = pp.id
INNER JOIN pc_producercode pcos             ON pcos.id = pol.producercodeofserviceid
INNER JOIN pc_effectivedatedfields edf      ON edf.BranchID = pp.ID
INNER JOIN pc_producercode pcode            ON pcode.id = pp.ProducerCodeOfRecordID
INNER JOIN pc_organization org              ON org.id = pcode.organizationid
INNER JOIN pc_policycontactrole pni         ON(pni.FixedID = edf.PrimaryNamedInsured AND pni.BranchID = pp.ID)
INNER JOIN pc_job job                       ON pp.JobID = job.ID
INNER JOIN pc_address addr                  ON addr.ID = paddr.Address
INNER JOIN pc_contact con                   ON con.ID = pp.PNIContactDenorm
LEFT OUTER JOIN pc_officialid offID1 ON (offID1.ContactID = pp.PNIContactDenorm AND offID1.OfficialIDType = ${fein})
LEFT OUTER JOIN pc_officialid offID2 ON (offID2.ContactID = pp.PNIContactDenorm AND offID2.OfficialIDType = ${ssn})
WHERE(pp.MostRecentModel = '1'
     OR(pp.MostRecentModel = '0'
        AND pp.ID = pp2.ID
        AND pp.Status IN
            (SELECT id
            FROM pctl_policyperiodstatus
            WHERE typecode NOT IN('Bound', 'Quoting')
            )
        AND job.Subtype NOT IN
            (SELECT jst.ID
            FROM pctl_job jst
            WHERE jst.typecode IN('Audit', 'Cancellation')
            )))
AND pp.TemporaryBranch = '0'
AND pp.Preempted = '0'
AND pp.ArchiveState IS NULL
AND(edf.EffectiveDate IS NULL OR edf.EffectiveDate &lt;= pp2.EditEffectiveDate)
AND(edf.ExpirationDate IS NULL OR edf.ExpirationDate &gt; pp2.EditEffectiveDate)
AND(paddr.EffectiveDate IS NULL OR paddr.EffectiveDate &lt;= pp2.EditEffectiveDate)
AND(paddr.ExpirationDate IS NULL OR paddr.ExpirationDate &gt; pp2.EditEffectiveDate)
AND(pni.EffectiveDate IS NULL OR pni.EffectiveDate &lt;= pp2.EditEffectiveDate)
AND(pni.ExpirationDate IS NULL OR pni.ExpirationDate &gt; pp2.EditEffectiveDate)
"
            keys="periodIdWithSliceDate"/>

    <mvField
            name="ANIfullName"
            query="
SELECT DISTINCT pp.publicid
  || '@'
  || TO_CHAR( pp2.editEffectiveDate ) AS periodIdWithSliceDate,
  firstNameInternal
  || ' '
  || lastNameInternal AS ANIfullName
FROM pc_policycontactrole pcr
INNER JOIN pc_policyperiod pp
ON pp.ID = pcr.BranchID ,
  pc_policyperiod pp2
WHERE (pp.MostRecentModel = '1'
OR (pp.MostRecentModel    = '0'
AND pp.ID = pp2.ID
AND pp.Status            IN
  (SELECT id FROM pctl_policyperiodstatus WHERE typecode NOT IN ('Bound','Quoting')
  ) ))
AND pp2.PolicyID              = pp.PolicyID
AND pp2.Status = pp.Status
AND pp.ArchiveState IS NULL
AND pp2.ArchiveState IS NULL
AND (pp2.TermNumber           = pp.TermNumber
OR pp.TermNumber             IS NULL)
AND (pcr.effectiveDate       IS NULL
OR effectiveDate             &lt;= pp2.EditEffectiveDate)
AND (pcr.expirationDate      IS NULL
OR expirationDate             &gt; pp2.EditEffectiveDate)
AND (pcr.companyNameInternal IS NULL)
AND pcr.subtype              IN
  (SELECT id
  FROM pctl_policycontactrole
  WHERE typecode IN ('PolicyAddlNamedInsured', 'PolicySecNamedInsured')
  )"
            entityKey="periodIdWithSliceDate"
            keys="periodIdWithSliceDate"
            />

    <mvField
            name="ANIcompanyName"
            query="
SELECT DISTINCT pp.publicid
  || '@'
  || TO_CHAR( pp2.editEffectiveDate ) AS periodIdWithSliceDate,
  companyNameInternal                 AS ANIcompanyName
FROM pc_policycontactrole pcr
INNER JOIN pc_policyperiod pp
ON pp.ID = pcr.BranchID ,
  pc_policyperiod pp2
WHERE (pp.MostRecentModel = '1'
OR (pp.MostRecentModel    = '0'
AND pp.ID = pp2.ID
AND pp.Status            IN
  (SELECT id FROM pctl_policyperiodstatus WHERE typecode NOT IN ('Bound','Quoting')
  ) ))
AND pp2.PolicyID              = pp.PolicyID
AND pp2.Status = pp.Status
AND pp.ArchiveState IS NULL
AND pp2.ArchiveState IS NULL
AND (pp2.TermNumber           = pp.TermNumber
OR pp.TermNumber             IS NULL)
AND (pcr.effectiveDate       IS NULL
OR effectiveDate             &lt;= pp2.EditEffectiveDate)
AND (pcr.expirationDate      IS NULL
OR expirationDate             &gt; pp2.EditEffectiveDate)
AND (pcr.companyNameInternal IS NOT NULL)
AND pcr.subtype              IN
  (SELECT id
  FROM pctl_policycontactrole
  WHERE typecode IN ('PolicyAddlNamedInsured', 'PolicySecNamedInsured')
  )"
            entityKey="periodIdWithSliceDate"
            keys="periodIdWithSliceDate"
            />

    <mvField
            name="phone"
            query="
SELECT DISTINCT con.FaxPhone AS Phone,
  pp.publicid
  || '@'
  || TO_CHAR( pp2.editEffectiveDate ) AS periodIdWithSliceDate
FROM pc_policyperiod pp,
  pc_contact con ,
  pc_policyperiod pp2
WHERE (pp.MostRecentModel = '1'
OR (pp.MostRecentModel    = '0'
AND pp.ID = pp2.ID
AND pp.Status            IN
  (SELECT id FROM pctl_policyperiodstatus WHERE typecode NOT IN ('Bound','Quoting')
  ) ))
AND pp2.PolicyID    = pp.PolicyID
AND pp2.Status = pp.Status
AND pp.ArchiveState IS NULL
AND pp2.ArchiveState IS NULL
AND (pp2.TermNumber = pp.TermNumber
OR pp.TermNumber   IS NULL)
AND con.ID          = pp.PNIContactDenorm
AND con.FaxPhone   IS NOT NULL
UNION
SELECT DISTINCT con.HomePhone AS Phone,
  pp.publicid
  || '@'
  || TO_CHAR( pp2.editEffectiveDate ) AS periodIdWithSliceDate
FROM pc_policyperiod pp,
  pc_contact con ,
  pc_policyperiod pp2
WHERE (pp.MostRecentModel = '1'
OR (pp.MostRecentModel    = '0'
AND pp.ID = pp2.ID
AND pp.Status            IN
  (SELECT id FROM pctl_policyperiodstatus WHERE typecode NOT IN ('Bound','Quoting')
  ) ))
AND pp2.PolicyID    = pp.PolicyID
AND pp2.Status = pp.Status
AND pp.ArchiveState IS NULL
AND pp2.ArchiveState IS NULL
AND (pp2.TermNumber = pp.TermNumber
OR pp.TermNumber   IS NULL)
AND con.ID          = pp.PNIContactDenorm
AND con.HomePhone  IS NOT NULL
UNION
SELECT DISTINCT con.WorkPhone AS Phone,
  pp.publicid
  || '@'
  || TO_CHAR( pp2.editEffectiveDate ) AS periodIdWithSliceDate
FROM pc_policyperiod pp,
  pc_contact con ,
  pc_policyperiod pp2
WHERE (pp.MostRecentModel = '1'
OR (pp.MostRecentModel    = '0'
AND pp.ID = pp2.ID
AND pp.Status            IN
  (SELECT id FROM pctl_policyperiodstatus WHERE typecode NOT IN ('Bound','Quoting')
  ) ))
AND pp2.PolicyID    = pp.PolicyID
AND pp2.Status = pp.Status
AND pp.ArchiveState IS NULL
AND pp2.ArchiveState IS NULL
AND (pp2.TermNumber = pp.TermNumber
OR pp.TermNumber   IS NULL)
AND con.ID          = pp.PNIContactDenorm
AND con.WorkPhone  IS NOT NULL
UNION
SELECT DISTINCT con.CellPhone AS Phone,
  pp.publicid
  || '@'
  || TO_CHAR( pp2.editEffectiveDate ) AS periodIdWithSliceDate
FROM pc_policyperiod pp,
  pc_contact con ,
  pc_policyperiod pp2
WHERE (pp.MostRecentModel = '1'
OR (pp.MostRecentModel    = '0'
AND pp.ID = pp2.ID
AND pp.Status            IN
  (SELECT id FROM pctl_policyperiodstatus WHERE typecode NOT IN ('Bound','Quoting')
  ) ))
AND pp2.PolicyID    = pp.PolicyID
AND pp2.Status = pp.Status
AND pp.ArchiveState IS NULL
AND pp2.ArchiveState IS NULL
AND (pp2.TermNumber = pp.TermNumber
OR pp.TermNumber   IS NULL)
AND con.ID          = pp.PNIContactDenorm
AND con.CellPhone  IS NOT NULL"
            entityKey="periodIdWithSliceDate"
            keys="periodIdWithSliceDate"
            />

    <!-- -->
    <transformer
            name="digestTransformer"
            class="com.guidewire.solr.pc.batchload.xform.PCDigestTransformer"
            ignoreElems="urn, periodID, policyPublicID, sliceDate, termNumber,periodStart, periodEnd, policyStart, policyEnd, periodIdWithSliceDate, jobType"
            algorithm="SHA"
            />
    <!-- -->

    <postprocessor
            name="postprocessor"
      absolutePathToPostprocessorExe="${documentRoot}/conf/postprocess.sh"
            />

</document>
