<dataConfig>
    <dataSource type="FileDataSource" encoding="UTF-8"/>
    <document>
        <!--
        The value of the url attribute below should only be changed if the Solr Batch Loader is run
        in standalone mode outside the Guidewire app (outside CC, PC, etc.). Do not change this value (for example,
        in Studio) if you intend to run the Solr Batch Loader inside the app.

        If you change the value of the url attribute, it must evaluate to an absolute path name.

        You can reference the core instance folder via the Solr property ${solr.core.instanceDir}

        If needed, see also https://cwiki.apache.org/confluence/display/solr/Configuring+solrconfig.xml
        under "Substituting Properties in Solr Config Files" for other solr.core properties available.

        You can also use an explicit path, for example:

        On Linux, an absolute path name is prefixed with "/", for example:

            /opt/gwsolr/pc/solr/policy_active/workDir/policy.xml

        On Windows, an absolute path name is prefixed with a drive specifier (for example, "C:") and "/", for example:

            C:/opt/gwsolr/pc/solr/policy_active/workDir/policy.xml

        The form of the url value should be <WORKDIR>/<DOCTYPE>.xml where:

            <WORKDIR> is identical to the value of the absolutePathToWorkDir param in the batchload-config.xml file and
            <DOCTYPE> is identical to the value of the name attribute of the <entity> element in the batchload-config.xml file
        -->
        <entity name="policy"
                processor="XPathEntityProcessor"
                forEach="/CONTAINER_ELEM/POLICY"
                url="${solr.core.instanceDir}/workDir/policy.xml"
                stream="true">
            <field column="urn" xpath="/CONTAINER_ELEM/POLICY/URN"/>
            <field column="periodID" xpath="/CONTAINER_ELEM/POLICY/PERIODID"/>
            <field column="policyPublicID" xpath="/CONTAINER_ELEM/POLICY/POLICYPUBLICID"/>
            <field column="periodStatus" xpath="/CONTAINER_ELEM/POLICY/PERIODSTATUS"/>
            <field column="policyNumber" xpath="/CONTAINER_ELEM/POLICY/POLICYNUMBER"/>
            <field column="fullName" xpath="/CONTAINER_ELEM/POLICY/FULLNAME"/>
            <field column="ANIfullName" xpath="/CONTAINER_ELEM/POLICY/ANIFULLNAME"/>
            <field column="companyName" xpath="/CONTAINER_ELEM/POLICY/COMPANYNAME"/>
            <field column="ANIcompanyName" xpath="/CONTAINER_ELEM/POLICY/ANICOMPANYNAME"/>
            <field column="addressLine1" xpath="/CONTAINER_ELEM/POLICY/ADDRESSLINE1"/>
            <field column="city" xpath="/CONTAINER_ELEM/POLICY/CITY"/>
            <field column="state" xpath="/CONTAINER_ELEM/POLICY/STATE"/>
            <field column="postalCode" xpath="/CONTAINER_ELEM/POLICY/POSTALCODE"/>
            <field column="product" xpath="/CONTAINER_ELEM/POLICY/PRODUCT"/>
            <field column="jurisdiction" xpath="/CONTAINER_ELEM/POLICY/JURISDICTION"/>
            <field column="officialId" xpath="/CONTAINER_ELEM/POLICY/OFFICIALID"/>
            <field column="phone" xpath="/CONTAINER_ELEM/POLICY/PHONE"/>
            <field column="policyStart" xpath="/CONTAINER_ELEM/POLICY/POLICYSTART"/>
            <field column="policyEnd" xpath="/CONTAINER_ELEM/POLICY/POLICYEND"/>
            <field column="periodStart" xpath="/CONTAINER_ELEM/POLICY/PERIODSTART"/>
            <field column="periodEnd" xpath="/CONTAINER_ELEM/POLICY/PERIODEND"/>
            <field column="sliceDate" xpath="/CONTAINER_ELEM/POLICY/SLICEDATE"/>
            <field column="jobType" xpath="/CONTAINER_ELEM/POLICY/JOBTYPE"/>
            <field column="producer" xpath="/CONTAINER_ELEM/POLICY/PRODUCER"/>
            <field column="producerCodeOfService" xpath="/CONTAINER_ELEM/POLICY/PRODUCERCODEOFSERVICE"/>
        </entity>
    </document>
</dataConfig>
