<?xml version="1.0"?>
<QuickJumpConfigFile xmlns:xsi="http://www.w3.org/2001/XMLSchema-instance" xsi:noNamespaceSchemaLocation="quickjump-config.xsd">
  <StaticNavigationCommandRef commandName="QuickJump.Static.Desktop" commandTarget="DesktopActivities"/>
  <StaticNavigationCommandRef commandName="QuickJump.Static.MyActivities" commandTarget="DesktopActivities"/>
  <StaticNavigationCommandRef commandName="QuickJump.Static.MySubmissions" commandTarget="DesktopSubmissions"/>
  <StaticNavigationCommandRef commandName="QuickJump.Static.MyRenewals" commandTarget="DesktopRenewals"/>
  <StaticNavigationCommandRef commandName="QuickJump.Static.MyOtherWorkOrders" commandTarget="DesktopOtherWorkOrders"/>
  <StaticNavigationCommandRef commandName="QuickJump.Static.MyQueues" commandTarget="DesktopAssignableQueues"/>
  <StaticNavigationCommandRef commandName="QuickJump.Static.Search" commandTarget="PolicySearch"/>
  <StaticNavigationCommandRef commandName="QuickJump.Static.PolicySearch" commandTarget="PolicySearch"/>
  <StaticNavigationCommandRef commandName="QuickJump.Static.AccountSearch" commandTarget="AccountSearch"/>
  <StaticNavigationCommandRef commandName="QuickJump.Static.ActivitySearch" commandTarget="ActivitySearch"/>
  <StaticNavigationCommandRef commandName="QuickJump.Static.ProducerCodeSearch" commandTarget="ProducerCodeSearch"/>
  <StaticNavigationCommandRef commandName="QuickJump.Static.Admin" commandTarget="AdminUserSearchPage"/>
  <StaticNavigationCommandRef commandName="QuickJump.Static.UserSearch" commandTarget="AdminUserSearchPage"/>
  <StaticNavigationCommandRef commandName="QuickJump.Static.OrganizationSearch" commandTarget="OrganizationSearchPage"/>
  <StaticNavigationCommandRef commandName="QuickJump.Static.AdminProducerCodeSearch" commandTarget="AdminProducerCodeSearch"/>
  <StaticNavigationCommandRef commandName="QuickJump.Static.NewSubmission" commandTarget="NewSubmission"/>
  <!-- Items available for admin/superuser -->
  <StaticNavigationCommandRef commandName="QuickJump.Static.Team" commandTarget="TeamForward"/>
  <StaticNavigationCommandRef commandName="QuickJump.Static.TeamSummary" commandTarget="TeamForward"/>
  <StaticNavigationCommandRef commandArgs="TeamActivities" commandName="QuickJump.Static.TeamActivities" commandTarget="TeamForward"/>
  <StaticNavigationCommandRef commandArgs="TeamSubmissions" commandName="QuickJump.Static.TeamSubmissions" commandTarget="TeamForward"/>
  <StaticNavigationCommandRef commandArgs="TeamRenewals" commandName="QuickJump.Static.TeamRenewals" commandTarget="TeamForward"/>
  <StaticNavigationCommandRef commandArgs="TeamOtherWorkOrders" commandName="QuickJump.Static.TeamOtherWorkOrders" commandTarget="TeamForward"/>
  <StaticNavigationCommandRef commandName="QuickJump.Static.RegionSearch" commandTarget="RegionsPage"/>
  <StaticNavigationCommandRef commandName="QuickJump.Static.Roles" commandTarget="Roles"/>
  <StaticNavigationCommandRef commandName="QuickJump.Static.Attributes" commandTarget="Attributes"/>
  <StaticNavigationCommandRef commandName="QuickJump.Static.Workflows" commandTarget="WorkflowSearch"/>
  <StaticNavigationCommandRef commandName="QuickJump.Static.Regions" commandTarget="Regions"/>
  <StaticNavigationCommandRef commandName="QuickJump.Static.EventMessages" commandTarget="MessagingDestinationControlList"/>
  <StaticNavigationCommandRef commandName="QuickJump.Static.ScriptParameters" commandTarget="ScriptParametersPage"/>
  <StaticNavigationCommandRef commandName="QuickJump.Static.FormPatterns" commandTarget="FormPatterns"/>
  <StaticNavigationCommandRef commandName="QuickJump.Static.ActivityPatterns" commandTarget="ActivityPatterns"/>
  <!-- Jump to Account or Policy -->
  <QuickJumpCommandRef commandClass="com.guidewire.pc.web.navigator.commands.AccountCommand" commandName="QuickJump.Account"/>
  <QuickJumpCommandRef commandClass="com.guidewire.pc.web.navigator.commands.PolicyCommand" commandName="QuickJump.Policy"/>
  <!-- Account Contextual commands -->
  <QuickJumpCommandRef commandClass="gw.api.quickjump.contextual.account.AccountContextualNewNotesCommand" commandName="QuickJump.AccountContextual.NewNotes"/>
  <QuickJumpCommandRef commandClass="gw.api.quickjump.contextual.account.AccountContextualNewDocumentsCreateCommand" commandName="QuickJump.AccountContextual.NewDocumentCreate"/>
  <QuickJumpCommandRef commandClass="gw.api.quickjump.contextual.account.AccountContextualNewDocumentsLinkCommand" commandName="QuickJump.AccountContextual.NewDocumentsLink"/>
  <ContextualNavigationCommandRef commandName="QuickJump.AccountContextual.Summary" commandTarget="AccountFile_Overview" symbolName="Account" symbolType="entity.Account"/>
  <ContextualNavigationCommandRef commandName="QuickJump.AccountContextual.Contacts" commandTarget="AccountFile_Contacts" symbolName="Account" symbolType="entity.Account"/>
  <ContextualNavigationCommandRef commandName="QuickJump.AccountContextual.Locations" commandTarget="AccountFile_Locations" symbolName="Account" symbolType="entity.Account"/>
  <ContextualNavigationCommandRef commandName="QuickJump.AccountContextual.Roles" commandTarget="AccountFile_Roles" symbolName="Account" symbolType="entity.Account"/>
  <ContextualNavigationCommandRef commandName="QuickJump.AccountContextual.WorkOrders" commandTarget="AccountFile_WorkOrders" symbolName="Account" symbolType="entity.Account"/>
  <ContextualNavigationCommandRef commandName="QuickJump.AccountContextual.Documents" commandTarget="AccountFile_Documents" symbolName="Account" symbolType="entity.Account"/>
  <ContextualNavigationCommandRef commandName="QuickJump.AccountContextual.Notes" commandTarget="AccountFile_Notes" symbolName="Account" symbolType="entity.Account"/>
  <ContextualNavigationCommandRef commandName="QuickJump.AccountContextual.Claims" commandTarget="AccountFile_Claims" symbolName="Account" symbolType="entity.Account"/>
  <ContextualNavigationCommandRef commandName="QuickJump.AccountContextual.Billing" commandTarget="AccountFile_Billing" symbolName="Account" symbolType="entity.Account"/>
  <ContextualNavigationCommandRef commandName="QuickJump.AccountContextual.SubmissionManager" commandTarget="SubmissionManager" symbolName="Account" symbolType="entity.Account"/>
  <ContextualNavigationCommandRef commandName="QuickJump.AccountContextual.UnderwritingFiles" commandTarget="UnderwritingFiles" symbolName="Account" symbolType="entity.Account"/>
  <!-- End Account Contextual commands Policy File Tool Contextual commands -->
  <QuickJumpCommandRef commandClass="gw.api.quickjump.contextual.policy.PolicyContextualAndWizardAuditCommand" commandName="QuickJump.PolicyContextual.Audit"/>
  <QuickJumpCommandRef commandClass="gw.api.quickjump.contextual.policyfile.PolicyContextualSummaryCommand" commandName="QuickJump.PolicyContextual.Summary"/>
  <QuickJumpCommandRef commandClass="gw.api.quickjump.contextual.policyfile.PolicyContextualBillingCommand" commandName="QuickJump.PolicyContextual.Billing"/>
  <QuickJumpCommandRef commandClass="gw.api.quickjump.contextual.policyfile.PolicyContextualContactsCommand" commandName="QuickJump.PolicyContextual.Contacts"/>
  <QuickJumpCommandRef commandClass="gw.api.quickjump.contextual.policyfile.PolicyContextualParticipantsCommand" commandName="QuickJump.PolicyContextual.Participants"/>
  <QuickJumpCommandRef commandClass="gw.api.quickjump.contextual.policy.PolicyContextualAndWizardNotesCommand" commandName="QuickJump.PolicyContextual.Notes"/>
  <QuickJumpCommandRef commandClass="gw.api.quickjump.contextual.policy.PolicyContextualAndWizardDocumentsCommand" commandName="QuickJump.PolicyContextual.Documents"/>
  <QuickJumpCommandRef commandClass="gw.api.quickjump.contextual.policyfile.PolicyContextualWorkOrdersCommand" commandName="QuickJump.PolicyContextual.WorkOrders"/>
  <QuickJumpCommandRef commandClass="gw.api.quickjump.contextual.policy.PolicyContextualAndWizardRiskAnalysisCommand" commandName="QuickJump.PolicyContextual.RiskAnalysis"/>
  <QuickJumpCommandRef commandClass="gw.api.quickjump.contextual.policy.PolicyContextualAndWizardHistoryCommand" commandName="QuickJump.PolicyContextual.History"/>
  <!-- End Policy File Tool Contextual commands Policy File Actions Contextual commands -->
  <QuickJumpCommandRef commandClass="gw.api.quickjump.contextual.policyfile.PolicyContextualChangeCommand" commandName="QuickJump.PolicyContextual.ChangePolicy"/>
  <QuickJumpCommandRef commandClass="gw.api.quickjump.contextual.policyfile.PolicyContextualCancelCommand" commandName="QuickJump.PolicyContextual.CancelPolicy"/>
  <QuickJumpCommandRef commandClass="gw.api.quickjump.contextual.policyfile.PolicyContextualNewNotesCommand" commandName="QuickJump.PolicyContextual.NewNotes"/>
  <QuickJumpCommandRef commandClass="gw.api.quickjump.contextual.policyfile.PolicyContextualNewDocumentsCreateCommand" commandName="QuickJump.PolicyContextual.NewDocumentCreate"/>
  <QuickJumpCommandRef commandClass="gw.api.quickjump.contextual.policyfile.PolicyContextualNewDocumentsLinkCommand" commandName="QuickJump.PolicyContextual.NewDocumentsLink"/>
  <QuickJumpCommandRef commandClass="gw.api.quickjump.contextual.policyfile.PolicyContextualPreRenewalCommand" commandName="QuickJump.PolicyContextual.PreRenewal"/>
  <QuickJumpCommandRef commandClass="gw.api.quickjump.contextual.policyfile.PolicyContextualReferralCommand" commandName="QuickJump.PolicyContextual.Referral"/>
  <QuickJumpCommandRef commandClass="gw.api.quickjump.contextual.policyfile.PolicyContextualSubmissionManagerCommand" commandName="QuickJump.PolicyContextual.SubmissionManager"/>
  <!-- End Policy File Actions Contextual commands Policy File Contract Contextual commands -->
  <QuickJumpCommandRef commandClass="gw.api.quickjump.contextual.policyfile.PolicyContextualPolicyInfoCommand" commandName="QuickJump.PolicyContextual.PolicyInfo"/>
  <QuickJumpCommandRef commandClass="gw.api.quickjump.contextual.policyfile.PolicyContextualLocationsCommand" commandName="QuickJump.PolicyContextual.Locations"/>
  <QuickJumpCommandRef commandClass="gw.api.quickjump.contextual.policyfile.PolicyContextualQuoteCommand" commandName="QuickJump.PolicyContextual.Quote"/>
  <QuickJumpCommandRef commandClass="gw.api.quickjump.contextual.policyfile.PolicyContextualPaymentCommand" commandName="QuickJump.PolicyContextual.Payment"/>
  <QuickJumpCommandRef commandClass="gw.command.RunCommand" commandName="Web.QuickJump.Run"/>
  <QuickJumpCommandRef commandClass="com.guidewire.pl.web.navigator.commands.RunBatchProcessCommand" commandName="Web.QuickJump.RunBatchProcess"/>
</QuickJumpConfigFile>
